<?xml version="1.0" encoding="utf-8" ?>
<widget xmlns="http://openajax.org/metadata" spec="1.0" name="index" version="1">

<description type="text/html"><![CDATA[Widget Exported from Flash Professional]]></description>

<category name="Flash Animation"/>
<remarks>Compatible with: InDesign CC, Dreamweaver CC, Muse</remarks>
<icon src="PosterImg_714.png" width="944" height="640"/>
<require type="other" src="index.html"/>
<require type="javascript" src="components/lib/jquery-2.2.4.min.js"/>
<require type="javascript" src="components/sdk/anwidget.js"/>
<require type="javascript" src="components/video/src/video.js"/>
<require type="other" src="videos/tgas7srs6 max.mp4"/>
<require type="javascript" src="libs/createjs-2015.11.26.min.js"/>
<require type="image" src="images/IGR_Advancediagram.jpg"/>
<require type="image" src="images/Mesh.png"/>
<require type="image" src="images/Mesh_1.png"/>
<require type="image" src="images/Path.png"/>
<require type="image" src="images/Path_1.png"/>
<require type="image" src="images/seq60001.png"/>
<require type="other" src="images/_preloader.gif"/>
<require type="folder" src="components"/>
<require type="folder" src="components/lib"/>
<require type="folder" src="components/sdk"/>
<require type="folder" src="components/video"/>
<require type="folder" src="videos"/>
<require type="folder" src="libs"/>
<require type="folder" src="images"/>
<content></content>

<properties name="Properties">
<property name="default-width" defaultValue="944" hidden="true"/>
<property name="default-height" defaultValue="640" hidden="true"/>
<property name="resizable" defaultValue="true" hidden="true"/>
<property name="centering" defaultValue="both" hidden="true"/>
<property name="scaling" defaultValue="both" hidden="true"/>
<property name="html-page" defaultValue="index.html" hidden="true"/>
<property name="target-platform" defaultValue="htmlcanvas" hidden="true"/>
<property name="created-in" defaultValue="Adobe Animate CC" hidden="true"/>
</properties>

</widget>
