<?xml version="1.0" encoding="UTF-8" standalone="no"?>

<manifest identifier="MIL_T-44C" version="1.3"
	  xmlns="http://www.imsglobal.org/xsd/imscp_v1p1"
	  xmlns:xsi="http://www.w3.org/2001/XMLSchema-instance"
	  xmlns:adlcp="http://www.adlnet.org/xsd/adlcp_v1p3"
	  xmlns:adlseq="http://www.adlnet.org/xsd/adlseq_v1p3"
	  xmlns:adlnav="http://www.adlnet.org/xsd/adlnav_v1p3"
	  xmlns:imsss="http://www.imsglobal.org/xsd/imsss"
	  xsi:schemaLocation="http://www.imsglobal.org/xsd/imscp_v1p1 imscp_v1p1.xsd
						  http://www.adlnet.org/xsd/adlcp_v1p3 adlcp_v1p3.xsd
						  http://www.adlnet.org/xsd/adlseq_v1p3 adlseq_v1p3.xsd
						  http://www.adlnet.org/xsd/adlnav_v1p3 adlnav_v1p3.xsd
						  http://www.imsglobal.org/xsd/imsss imsss_v1p0.xsd">

	<metadata>
		<schema>ADL SCORM</schema>
		<schemaversion>2004 4th Edition</schemaversion>
		<adlcp:location>metadata.xml</adlcp:location>
	</metadata>
	
	
	<organizations default="MIL_T-44C_ORG">
		<organization identifier="MIL_T-44C_ORG">
			<!--****** Title ******-->
			<title>T-44C</title>
			<item identifier="MIL_T-44C– CGenAcft" identifierref="MIL_T-44C– CGenAcft_RES" isvisible="true">
				<!--****** Title ******-->
				<title>CGenAcft</title>
				<metadata>
					<lom xmlns="http://ltsc.ieee.org/xsd/LOM" xmlns:xsi="http://www.w3.org/2001/XMLSchema-instance" xsi:schemaLocation="http://ltsc.ieee.org/xsd/LOM lom.xsd">
						<general>
							<description>
				  				<string language="en-us">Course Description.</string> 
				  			</description>
						</general>
					</lom>
				</metadata>
				<imsss:sequencing>
				<imsss:objectives>
					        <imsss:primaryObjective objectiveID="Quiz_2013591081"/>
				</imsss:objectives>
					<imsss:deliveryControls tracked="true" completionSetByContent="true" objectiveSetByContent="true"/>
				</imsss:sequencing>
			</item>
			<metadata>
				<adlcp:location>metadata.xml</adlcp:location>
			</metadata>			
	<imsss:sequencing>
				<imsss:controlMode choice="true" flow="true"/>
                <imsss:rollupRules>
                    <imsss:rollupRule childActivitySet="all">
                        <imsss:rollupConditions>
                            <imsss:rollupCondition condition="satisfied"/>
                        </imsss:rollupConditions>
                        <imsss:rollupAction action="satisfied"/>
                    </imsss:rollupRule>
                    <imsss:rollupRule childActivitySet="all">
                        <imsss:rollupConditions>
                            <imsss:rollupCondition operator="not" condition="satisfied"/>
                        </imsss:rollupConditions>
                        <imsss:rollupAction action="notSatisfied"/>
                    </imsss:rollupRule>
                    <imsss:rollupRule childActivitySet="all">
                        <imsss:rollupConditions>
                            <imsss:rollupCondition condition="completed"/>
                        </imsss:rollupConditions>
                        <imsss:rollupAction action="completed"/>
                    </imsss:rollupRule>
                    <imsss:rollupRule childActivitySet="all">
                        <imsss:rollupConditions>
                            <imsss:rollupCondition operator="not" condition="completed"/>
                        </imsss:rollupConditions>
                        <imsss:rollupAction action="incomplete"/>
                    </imsss:rollupRule>
                </imsss:rollupRules>
			</imsss:sequencing>
		</organization>
	</organizations>
	<resources>
		<resource adlcp:scormType="sco" identifier="MIL_T-44C– CGenAcft_RES" type="webcontent" href="index_scorm.html">
			<metadata>
				<adlcp:location>metadata.xml</adlcp:location>
			</metadata>
			
			<file href="ar/Mouse.mp3"></file>
			<file href="index_scorm.html"></file>
			<file href="scormdriver.js"/>
			<file href="browsersniff.js"/>
			
<file href="assets/TOC_icons/collapseIcon.png"/> 
<file href="assets/TOC_icons/expandIcon.png"/> 
<file href="assets/TOC_icons/photo.png"/> 
<file href="assets/css/CPLibraryAll.css"/> 
<file href="assets/css/font/fonts/font.css"/> 
<file href="assets/css/font/fonts/raavi.eot"/> 
<file href="assets/css/font/fonts/raavi.otf"/> 
<file href="assets/css/font/fonts/raavi.svg"/> 
<file href="assets/css/font/fonts/raavi.ttf"/> 
<file href="assets/css/font/fonts/raavi.woff"/> 
<file href="assets/css/font/fonts/raavi.woff2"/> 
<file href="assets/css/start/images/animated-overlay.gif"/> 
<file href="assets/css/start/images/ui-bg_flat_55_999999_40x100.png"/> 
<file href="assets/css/start/images/ui-bg_flat_75_aaaaaa_40x100.png"/> 
<file href="assets/css/start/images/ui-bg_glass_45_0078ae_1x400.png"/> 
<file href="assets/css/start/images/ui-bg_glass_55_f8da4e_1x400.png"/> 
<file href="assets/css/start/images/ui-bg_glass_75_79c9ec_1x400.png"/> 
<file href="assets/css/start/images/ui-bg_gloss-wave_45_e14f1c_500x100.png"/> 
<file href="assets/css/start/images/ui-bg_gloss-wave_50_6eac2c_500x100.png"/> 
<file href="assets/css/start/images/ui-bg_gloss-wave_75_2191c0_500x100.png"/> 
<file href="assets/css/start/images/ui-bg_inset-hard_100_fcfdfd_1x100.png"/> 
<file href="assets/css/start/images/ui-icons_0078ae_256x240.png"/> 
<file href="assets/css/start/images/ui-icons_056b93_256x240.png"/> 
<file href="assets/css/start/images/ui-icons_d8e7f3_256x240.png"/> 
<file href="assets/css/start/images/ui-icons_e0fdff_256x240.png"/> 
<file href="assets/css/start/images/ui-icons_f5e175_256x240.png"/> 
<file href="assets/css/start/images/ui-icons_f7a50d_256x240.png"/> 
<file href="assets/css/start/images/ui-icons_fcd113_256x240.png"/> 
<file href="assets/css/start/jquery-ui-1.11.4.custom.css"/> 
<file href="assets/css/start/jquery-ui-1.11.4.custom.min.css"/> 
<file href="assets/htmlimages/360_slide_OFF_Click.svg"/> 
<file href="assets/htmlimages/360_slide_OFF_Hover.svg"/> 
<file href="assets/htmlimages/360_slide_OFF_Normal.svg"/> 
<file href="assets/htmlimages/360_slide_ON_Click.svg"/> 
<file href="assets/htmlimages/360_slide_ON_Hover.svg"/> 
<file href="assets/htmlimages/360_slide_ON_normal.svg"/> 
<file href="assets/htmlimages/Answer_checkbox_correct.png"/> 
<file href="assets/htmlimages/Answer_checkbox_hover.png"/> 
<file href="assets/htmlimages/Answer_checkbox_incorrect.png"/> 
<file href="assets/htmlimages/Answer_checkbox_normal.png"/> 
<file href="assets/htmlimages/Answer_checkbox_select.png"/> 
<file href="assets/htmlimages/Answer_radio_correct.png"/> 
<file href="assets/htmlimages/Answer_radio_hover.png"/> 
<file href="assets/htmlimages/Answer_radio_incorrect.png"/> 
<file href="assets/htmlimages/Answer_radio_normal.png"/> 
<file href="assets/htmlimages/Answer_radio_select.png"/> 
<file href="assets/htmlimages/Graph.jpg"/> 
<file href="assets/htmlimages/HotspotDisplayImage.png"/> 
<file href="assets/htmlimages/HotspotDisplayText.png"/> 
<file href="assets/htmlimages/HotspotNavigation.png"/> 
<file href="assets/htmlimages/HotspotPlayAudio.png"/> 
<file href="assets/htmlimages/HotspotQuestionOverlays.png"/> 
<file href="assets/htmlimages/HotspotStaticActions.png"/> 
<file href="assets/htmlimages/Pause.gif"/> 
<file href="assets/htmlimages/Pause2x.gif"/> 
<file href="assets/htmlimages/Play.gif"/> 
<file href="assets/htmlimages/Play2x.gif"/> 
<file href="assets/htmlimages/Play_icon.png"/> 
<file href="assets/htmlimages/ThreeD_Close.svg"/> 
<file href="assets/htmlimages/ThreeD_HotspotDefaultGlow.png"/> 
<file href="assets/htmlimages/ThreeD_HotspotGlow.png"/> 
<file href="assets/htmlimages/ThreeD_Pause.svg"/> 
<file href="assets/htmlimages/ThreeD_Play.svg"/> 
<file href="assets/htmlimages/VR_menu_close_default@2x.png"/> 
<file href="assets/htmlimages/VR_menu_close_hover@2x.png"/> 
<file href="assets/htmlimages/VR_menu_close_select@2x.png"/> 
<file href="assets/htmlimages/VR_menu_default@2x.png"/> 
<file href="assets/htmlimages/VR_menu_hover@2x.png"/> 
<file href="assets/htmlimages/VR_menu_mute_default@2x.png"/> 
<file href="assets/htmlimages/VR_menu_mute_hover@2x.png"/> 
<file href="assets/htmlimages/VR_menu_mute_select@2x.png"/> 
<file href="assets/htmlimages/VR_menu_next_default@2x.png"/> 
<file href="assets/htmlimages/VR_menu_next_hover@2x.png"/> 
<file href="assets/htmlimages/VR_menu_next_select@2x.png"/> 
<file href="assets/htmlimages/VR_menu_pause_default@2x.png"/> 
<file href="assets/htmlimages/VR_menu_pause_hover@2x.png"/> 
<file href="assets/htmlimages/VR_menu_pause_select@2x.png"/> 
<file href="assets/htmlimages/VR_menu_play_default@2x.png"/> 
<file href="assets/htmlimages/VR_menu_play_hover@2x.png"/> 
<file href="assets/htmlimages/VR_menu_play_select@2x.png"/> 
<file href="assets/htmlimages/VR_menu_previous_default@2x.png"/> 
<file href="assets/htmlimages/VR_menu_previous_hover@2x.png"/> 
<file href="assets/htmlimages/VR_menu_previous_select@2x.png"/> 
<file href="assets/htmlimages/VR_menu_select@2x.png"/> 
<file href="assets/htmlimages/VR_move_left.png"/> 
<file href="assets/htmlimages/VR_move_right.png"/> 
<file href="assets/htmlimages/arrow_right.gif"/> 
<file href="assets/htmlimages/assessmenthotspotvisited.png"/> 
<file href="assets/htmlimages/assessmenthotspotvisited.svg"/> 
<file href="assets/htmlimages/assessmenthotspotvisited@2x.png"/> 
<file href="assets/htmlimages/ccClose.png"/> 
<file href="assets/htmlimages/checkBox_disabled.png"/> 
<file href="assets/htmlimages/checkBox_normal.png"/> 
<file href="assets/htmlimages/checkBox_selected.png"/> 
<file href="assets/htmlimages/checkBox_selectedDisabled.png"/> 
<file href="assets/htmlimages/checkboxchecked.png"/> 
<file href="assets/htmlimages/checkboxunchecked.png"/> 
<file href="assets/htmlimages/closeReviewButton.png"/> 
<file href="assets/htmlimages/correct_answer_normal.png"/> 
<file href="assets/htmlimages/correct_answer_small.png"/> 
<file href="assets/htmlimages/correct_question_normal.png"/> 
<file href="assets/htmlimages/correct_question_small.png"/> 
<file href="assets/htmlimages/dd_arrow.png"/> 
<file href="assets/htmlimages/expand_icon.png"/> 
<file href="assets/htmlimages/expand_icon@2x.png"/> 
<file href="assets/htmlimages/gesturemobileicon.png"/> 
<file href="assets/htmlimages/gesturemobileicon@2x.png"/> 
<file href="assets/htmlimages/gesturemobileimage2.png"/> 
<file href="assets/htmlimages/gesturemobilelandscape.png"/> 
<file href="assets/htmlimages/gesturetabletimage.png"/> 
<file href="assets/htmlimages/hotspot.gif"/> 
<file href="assets/htmlimages/hotspot_correct_answer_normal.png"/> 
<file href="assets/htmlimages/hotspot_incorrect_answer_normal.png"/> 
<file href="assets/htmlimages/img_trans.gif"/> 
<file href="assets/htmlimages/incorrect_answer_normal.png"/> 
<file href="assets/htmlimages/incorrect_answer_small.png"/> 
<file href="assets/htmlimages/incorrect_question_normal.png"/> 
<file href="assets/htmlimages/incorrect_question_small.png"/> 
<file href="assets/htmlimages/loader.gif"/> 
<file href="assets/htmlimages/loader_transparent.gif"/> 
<file href="assets/htmlimages/movieexpire.png"/> 
<file href="assets/htmlimages/partial_correct_question_normal.png"/> 
<file href="assets/htmlimages/partial_correct_question_small.png"/> 
<file href="assets/htmlimages/placeholder.png"/> 
<file href="assets/htmlimages/radioButton_disabled.png"/> 
<file href="assets/htmlimages/radioButton_normal.png"/> 
<file href="assets/htmlimages/radioButton_selected.png"/> 
<file href="assets/htmlimages/radioButton_selectedDisabled.png"/> 
<file href="assets/htmlimages/radiochecked.png"/> 
<file href="assets/htmlimages/radiounchecked.png"/> 
<file href="assets/htmlimages/sequenceReview.png"/> 
<file href="assets/htmlimages/skip_answer_normal.png"/> 
<file href="assets/htmlimages/skip_answer_small.png"/> 
<file href="assets/htmlimages/skip_question_normal.png"/> 
<file href="assets/htmlimages/skip_question_small.png"/> 
<file href="assets/htmlimages/toc.png"/> 
<file href="assets/htmlimages/vidbg.png"/> 
<file href="assets/htmlimages/vidfullscreen.png"/> 
<file href="assets/htmlimages/vidpause.png"/> 
<file href="assets/htmlimages/vidplay.png"/> 
<file href="assets/htmlimages/vidrewind.png"/> 
<file href="assets/htmlimages/vidslider.png"/> 
<file href="assets/htmlimages/vidstop.png"/> 
<file href="assets/htmlimages/vidvolume.png"/> 
<file href="assets/htmlimages/vidvolume2.png"/> 
<file href="assets/htmlimages/vidvolumemute.png"/> 
<file href="assets/js/CPM.js"/> 
<file href="assets/js/CPXHRLoader.js"/> 
<file href="assets/js/OpenAjaxManagedHub-all.js"/> 
<file href="assets/js/jquery-3.3.1.min.js"/> 
<file href="assets/toc/tocIcons/blankBookmark.png"/> 
<file href="assets/toc/tocIcons/clear.png"/> 
<file href="assets/toc/tocIcons/expander.png"/> 
<file href="assets/toc/tocIcons/fullBookmark.png"/> 
<file href="assets/toc/tocIcons/go.png"/> 
<file href="assets/toc/tocIcons/infoClose.png"/> 
<file href="assets/toc/tocIcons/moreinfo.png"/> 
<file href="assets/toc/tocIcons/searchBtnNormal.png"/> 
<file href="assets/toc/tocIcons/searchBtnSelect.png"/> 
<file href="assets/toc/tocIcons/visited.png"/> 
<file href="date.txt"/> 
<file href="dr/img1.json"/> 
<file href="dr/img10.json"/> 
<file href="dr/img11.json"/> 
<file href="dr/img12.json"/> 
<file href="dr/img13.json"/> 
<file href="dr/img14.json"/> 
<file href="dr/img15.json"/> 
<file href="dr/img16.json"/> 
<file href="dr/img17.json"/> 
<file href="dr/img18.json"/> 
<file href="dr/img19.json"/> 
<file href="dr/img2.json"/> 
<file href="dr/img20.json"/> 
<file href="dr/img21.json"/> 
<file href="dr/img22.json"/> 
<file href="dr/img23.json"/> 
<file href="dr/img24.json"/> 
<file href="dr/img25.json"/> 
<file href="dr/img26.json"/> 
<file href="dr/img27.json"/> 
<file href="dr/img28.json"/> 
<file href="dr/img29.json"/> 
<file href="dr/img3.json"/> 
<file href="dr/img30.json"/> 
<file href="dr/img31.json"/> 
<file href="dr/img32.json"/> 
<file href="dr/img33.json"/> 
<file href="dr/img34.json"/> 
<file href="dr/img35.json"/> 
<file href="dr/img36.json"/> 
<file href="dr/img37.json"/> 
<file href="dr/img38.json"/> 
<file href="dr/img39.json"/> 
<file href="dr/img4.json"/> 
<file href="dr/img40.json"/> 
<file href="dr/img41.json"/> 
<file href="dr/img42.json"/> 
<file href="dr/img43.json"/> 
<file href="dr/img5.json"/> 
<file href="dr/img6.json"/> 
<file href="dr/img7.json"/> 
<file href="dr/img8.json"/> 
<file href="dr/img9.json"/> 
<file href="dr/imgmd.json"/> 
<file href="dr/loading.gif"/> 
<file href="goodbye.html"/> 
<file href="help/help.html"/> 
<file href="help/help.js"/> 
<file href="help/images/help_atlas_.png"/> 
<file href="index_scorm.exe"/> 
<file href="index_scorm.html"/> 
<file href="index_scorm.ini"/> 
<file href="lesson_data.xml"/> 
<file href="project.txt"/> 
<file href="vr/Vi2.mp4"/> 
<file href="wor/wo_131606/PosterImg_108.png"/> 
<file href="wor/wo_131606/Tgae2142_HTML5 Canvas_oam.xml"/> 
<file href="wor/wo_131606/images/_preloader.gif"/> 
<file href="wor/wo_131606/images/bitmap1.jpg"/> 
<file href="wor/wo_131606/images/bitmap101.jpg"/> 
<file href="wor/wo_131606/images/bitmap103.jpg"/> 
<file href="wor/wo_131606/images/bitmap105.jpg"/> 
<file href="wor/wo_131606/images/bitmap107.jpg"/> 
<file href="wor/wo_131606/images/bitmap109.jpg"/> 
<file href="wor/wo_131606/images/bitmap11.jpg"/> 
<file href="wor/wo_131606/images/bitmap111.jpg"/> 
<file href="wor/wo_131606/images/bitmap113.jpg"/> 
<file href="wor/wo_131606/images/bitmap115.jpg"/> 
<file href="wor/wo_131606/images/bitmap117.jpg"/> 
<file href="wor/wo_131606/images/bitmap119.jpg"/> 
<file href="wor/wo_131606/images/bitmap121.jpg"/> 
<file href="wor/wo_131606/images/bitmap123.jpg"/> 
<file href="wor/wo_131606/images/bitmap125.jpg"/> 
<file href="wor/wo_131606/images/bitmap127.jpg"/> 
<file href="wor/wo_131606/images/bitmap129.jpg"/> 
<file href="wor/wo_131606/images/bitmap13.jpg"/> 
<file href="wor/wo_131606/images/bitmap131.jpg"/> 
<file href="wor/wo_131606/images/bitmap133.jpg"/> 
<file href="wor/wo_131606/images/bitmap135.jpg"/> 
<file href="wor/wo_131606/images/bitmap137.jpg"/> 
<file href="wor/wo_131606/images/bitmap139.jpg"/> 
<file href="wor/wo_131606/images/bitmap141.jpg"/> 
<file href="wor/wo_131606/images/bitmap143.jpg"/> 
<file href="wor/wo_131606/images/bitmap145.jpg"/> 
<file href="wor/wo_131606/images/bitmap147.jpg"/> 
<file href="wor/wo_131606/images/bitmap149.jpg"/> 
<file href="wor/wo_131606/images/bitmap15.jpg"/> 
<file href="wor/wo_131606/images/bitmap151.jpg"/> 
<file href="wor/wo_131606/images/bitmap153.jpg"/> 
<file href="wor/wo_131606/images/bitmap155.jpg"/> 
<file href="wor/wo_131606/images/bitmap157.jpg"/> 
<file href="wor/wo_131606/images/bitmap159.jpg"/> 
<file href="wor/wo_131606/images/bitmap161.jpg"/> 
<file href="wor/wo_131606/images/bitmap163.jpg"/> 
<file href="wor/wo_131606/images/bitmap165.jpg"/> 
<file href="wor/wo_131606/images/bitmap167.jpg"/> 
<file href="wor/wo_131606/images/bitmap169.jpg"/> 
<file href="wor/wo_131606/images/bitmap17.jpg"/> 
<file href="wor/wo_131606/images/bitmap171.jpg"/> 
<file href="wor/wo_131606/images/bitmap173.jpg"/> 
<file href="wor/wo_131606/images/bitmap175.jpg"/> 
<file href="wor/wo_131606/images/bitmap177.jpg"/> 
<file href="wor/wo_131606/images/bitmap179.jpg"/> 
<file href="wor/wo_131606/images/bitmap181.jpg"/> 
<file href="wor/wo_131606/images/bitmap183.jpg"/> 
<file href="wor/wo_131606/images/bitmap185.jpg"/> 
<file href="wor/wo_131606/images/bitmap187.jpg"/> 
<file href="wor/wo_131606/images/bitmap189.jpg"/> 
<file href="wor/wo_131606/images/bitmap19.jpg"/> 
<file href="wor/wo_131606/images/bitmap191.jpg"/> 
<file href="wor/wo_131606/images/bitmap193.jpg"/> 
<file href="wor/wo_131606/images/bitmap195.jpg"/> 
<file href="wor/wo_131606/images/bitmap197.jpg"/> 
<file href="wor/wo_131606/images/bitmap199.jpg"/> 
<file href="wor/wo_131606/images/bitmap201.jpg"/> 
<file href="wor/wo_131606/images/bitmap203.jpg"/> 
<file href="wor/wo_131606/images/bitmap205.jpg"/> 
<file href="wor/wo_131606/images/bitmap207.jpg"/> 
<file href="wor/wo_131606/images/bitmap209.jpg"/> 
<file href="wor/wo_131606/images/bitmap21.jpg"/> 
<file href="wor/wo_131606/images/bitmap211.jpg"/> 
<file href="wor/wo_131606/images/bitmap213.jpg"/> 
<file href="wor/wo_131606/images/bitmap215.jpg"/> 
<file href="wor/wo_131606/images/bitmap217.jpg"/> 
<file href="wor/wo_131606/images/bitmap219.jpg"/> 
<file href="wor/wo_131606/images/bitmap221.jpg"/> 
<file href="wor/wo_131606/images/bitmap223.jpg"/> 
<file href="wor/wo_131606/images/bitmap225.jpg"/> 
<file href="wor/wo_131606/images/bitmap227.jpg"/> 
<file href="wor/wo_131606/images/bitmap229.jpg"/> 
<file href="wor/wo_131606/images/bitmap23.jpg"/> 
<file href="wor/wo_131606/images/bitmap231.jpg"/> 
<file href="wor/wo_131606/images/bitmap233.jpg"/> 
<file href="wor/wo_131606/images/bitmap235.jpg"/> 
<file href="wor/wo_131606/images/bitmap237.jpg"/> 
<file href="wor/wo_131606/images/bitmap239.jpg"/> 
<file href="wor/wo_131606/images/bitmap241.jpg"/> 
<file href="wor/wo_131606/images/bitmap243.jpg"/> 
<file href="wor/wo_131606/images/bitmap245.jpg"/> 
<file href="wor/wo_131606/images/bitmap247.jpg"/> 
<file href="wor/wo_131606/images/bitmap249.jpg"/> 
<file href="wor/wo_131606/images/bitmap25.jpg"/> 
<file href="wor/wo_131606/images/bitmap27.jpg"/> 
<file href="wor/wo_131606/images/bitmap29.jpg"/> 
<file href="wor/wo_131606/images/bitmap3.jpg"/> 
<file href="wor/wo_131606/images/bitmap31.jpg"/> 
<file href="wor/wo_131606/images/bitmap33.jpg"/> 
<file href="wor/wo_131606/images/bitmap35.jpg"/> 
<file href="wor/wo_131606/images/bitmap37.jpg"/> 
<file href="wor/wo_131606/images/bitmap39.jpg"/> 
<file href="wor/wo_131606/images/bitmap41.jpg"/> 
<file href="wor/wo_131606/images/bitmap43.jpg"/> 
<file href="wor/wo_131606/images/bitmap45.jpg"/> 
<file href="wor/wo_131606/images/bitmap47.jpg"/> 
<file href="wor/wo_131606/images/bitmap49.jpg"/> 
<file href="wor/wo_131606/images/bitmap5.jpg"/> 
<file href="wor/wo_131606/images/bitmap51.jpg"/> 
<file href="wor/wo_131606/images/bitmap53.jpg"/> 
<file href="wor/wo_131606/images/bitmap55.jpg"/> 
<file href="wor/wo_131606/images/bitmap57.jpg"/> 
<file href="wor/wo_131606/images/bitmap59.jpg"/> 
<file href="wor/wo_131606/images/bitmap61.jpg"/> 
<file href="wor/wo_131606/images/bitmap63.jpg"/> 
<file href="wor/wo_131606/images/bitmap65.jpg"/> 
<file href="wor/wo_131606/images/bitmap67.jpg"/> 
<file href="wor/wo_131606/images/bitmap69.jpg"/> 
<file href="wor/wo_131606/images/bitmap7.jpg"/> 
<file href="wor/wo_131606/images/bitmap71.jpg"/> 
<file href="wor/wo_131606/images/bitmap73.jpg"/> 
<file href="wor/wo_131606/images/bitmap75.jpg"/> 
<file href="wor/wo_131606/images/bitmap77.jpg"/> 
<file href="wor/wo_131606/images/bitmap79.jpg"/> 
<file href="wor/wo_131606/images/bitmap81.jpg"/> 
<file href="wor/wo_131606/images/bitmap83.jpg"/> 
<file href="wor/wo_131606/images/bitmap85.jpg"/> 
<file href="wor/wo_131606/images/bitmap87.jpg"/> 
<file href="wor/wo_131606/images/bitmap89.jpg"/> 
<file href="wor/wo_131606/images/bitmap9.jpg"/> 
<file href="wor/wo_131606/images/bitmap91.jpg"/> 
<file href="wor/wo_131606/images/bitmap93.jpg"/> 
<file href="wor/wo_131606/images/bitmap95.jpg"/> 
<file href="wor/wo_131606/images/bitmap97.jpg"/> 
<file href="wor/wo_131606/images/bitmap99.jpg"/> 
<file href="wor/wo_131606/index.html"/> 
<file href="wor/wo_131606/libs/1.0.0/createjs.min.js"/> 
<file href="wr/w_128486/Widget_128486.htm"/> 
<file href="wr/w_128486/css/CNATRAMenu.css"/> 
<file href="wr/w_128486/js/CNATRAMenu.js"/> 
<file href="wr/w_128486/js/GlobalLessonData.js"/> 
<file href="wr/w_128486/js/MainMenu.js"/> 
<file href="wr/w_128497/Widget_128497.htm"/> 
<file href="wr/w_128497/css/Playbar.css"/> 
<file href="wr/w_128497/images/btn-back.jpg"/> 
<file href="wr/w_128497/images/btn-exit.jpg"/> 
<file href="wr/w_128497/images/btn-forward.jpg"/> 
<file href="wr/w_128497/images/btn-help.jpg"/> 
<file href="wr/w_128497/images/btn-mainMenu.jpg"/> 
<file href="wr/w_128497/images/btn-repeat.jpg"/> 
<file href="wr/w_128497/images/btn-resume.jpg"/> 
<file href="wr/w_128497/images/password-entry-bg.png"/> 
<file href="wr/w_128497/js/GlobalLessonData.js"/> 
<file href="wr/w_128497/js/Playbar.js"/> 
<file href="Utilities.js"/> 
            </resource>
	</resources>
</manifest>
