<?xml version="1.0" encoding="utf-8" ?>
<widget xmlns="http://openajax.org/metadata" spec="1.0" name="index" version="1">

<description type="text/html"><![CDATA[Widget Exported from Flash Professional]]></description>

<category name="Flash Animation"/>
<remarks>Compatible with: InDesign CC, Dreamweaver CC, Muse</remarks>
<icon src="PosterImg_74.png" width="944" height="640"/>
<require type="other" src="index.html"/>
<require type="javascript" src="libs/createjs-2015.11.26.min.js"/>
<require type="image" src="images/IGR_Advancediagram.jpg"/>
<require type="image" src="images/Mesh.png"/>
<require type="image" src="images/Mesh_1.png"/>
<require type="image" src="images/Path.png"/>
<require type="image" src="images/Path_1.png"/>
<require type="image" src="images/_7srs60001.png"/>
<require type="image" src="images/_7srs60002.png"/>
<require type="image" src="images/_7srs60003.png"/>
<require type="image" src="images/_7srs60004.png"/>
<require type="image" src="images/_7srs60005.png"/>
<require type="image" src="images/_7srs60006.png"/>
<require type="image" src="images/_7srs60007.png"/>
<require type="image" src="images/_7srs60008.png"/>
<require type="image" src="images/_7srs60009.png"/>
<require type="image" src="images/_7srs60010.png"/>
<require type="image" src="images/_7srs60011.png"/>
<require type="image" src="images/_7srs60012.png"/>
<require type="image" src="images/_7srs60013.png"/>
<require type="image" src="images/_7srs60014.png"/>
<require type="image" src="images/_7srs60015.png"/>
<require type="image" src="images/_7srs60016.png"/>
<require type="image" src="images/_7srs60017.png"/>
<require type="image" src="images/_7srs60018.png"/>
<require type="image" src="images/_7srs60019.png"/>
<require type="image" src="images/_7srs60020.png"/>
<require type="image" src="images/_7srs60021.png"/>
<require type="image" src="images/_7srs60022.png"/>
<require type="image" src="images/_7srs60023.png"/>
<require type="image" src="images/_7srs60024.png"/>
<require type="image" src="images/_7srs60025.png"/>
<require type="image" src="images/_7srs60026.png"/>
<require type="image" src="images/_7srs60027.png"/>
<require type="image" src="images/_7srs60028.png"/>
<require type="image" src="images/_7srs60029.png"/>
<require type="image" src="images/_7srs60030.png"/>
<require type="image" src="images/_7srs60031.png"/>
<require type="image" src="images/_7srs60032.png"/>
<require type="image" src="images/_7srs60033.png"/>
<require type="image" src="images/_7srs60034.png"/>
<require type="image" src="images/_7srs60035.png"/>
<require type="image" src="images/_7srs60036.png"/>
<require type="image" src="images/_7srs60037.png"/>
<require type="image" src="images/_7srs60038.png"/>
<require type="image" src="images/_7srs60039.png"/>
<require type="image" src="images/_7srs60040.png"/>
<require type="image" src="images/_7srs60041.png"/>
<require type="image" src="images/_7srs60042.png"/>
<require type="image" src="images/_7srs60043.png"/>
<require type="image" src="images/_7srs60044.png"/>
<require type="image" src="images/_7srs60045.png"/>
<require type="image" src="images/_7srs60046.png"/>
<require type="image" src="images/_7srs60047.png"/>
<require type="image" src="images/_7srs60048.png"/>
<require type="image" src="images/_7srs60049.png"/>
<require type="image" src="images/_7srs60050.png"/>
<require type="image" src="images/_7srs60051.png"/>
<require type="image" src="images/_7srs60052.png"/>
<require type="image" src="images/_7srs60053.png"/>
<require type="image" src="images/_7srs60054.png"/>
<require type="image" src="images/_7srs60055.png"/>
<require type="image" src="images/_7srs60056.png"/>
<require type="image" src="images/_7srs60057.png"/>
<require type="image" src="images/_7srs60058.png"/>
<require type="image" src="images/_7srs60059.png"/>
<require type="image" src="images/_7srs60060.png"/>
<require type="image" src="images/_7srs60061.png"/>
<require type="image" src="images/_7srs60062.png"/>
<require type="image" src="images/_7srs60063.png"/>
<require type="image" src="images/_7srs60064.png"/>
<require type="image" src="images/_7srs60065.png"/>
<require type="image" src="images/_7srs60066.png"/>
<require type="image" src="images/_7srs60067.png"/>
<require type="image" src="images/_7srs60068.png"/>
<require type="image" src="images/_7srs60069.png"/>
<require type="image" src="images/_7srs60070.png"/>
<require type="image" src="images/_7srs60071.png"/>
<require type="image" src="images/_7srs60072.png"/>
<require type="image" src="images/_7srs60073.png"/>
<require type="image" src="images/_7srs60074.png"/>
<require type="image" src="images/_7srs60075.png"/>
<require type="image" src="images/_7srs60076.png"/>
<require type="image" src="images/_7srs60077.png"/>
<require type="image" src="images/_7srs60078.png"/>
<require type="image" src="images/_7srs60079.png"/>
<require type="image" src="images/_7srs60080.png"/>
<require type="image" src="images/_7srs60081.png"/>
<require type="image" src="images/_7srs60082.png"/>
<require type="image" src="images/_7srs60083.png"/>
<require type="image" src="images/_7srs60084.png"/>
<require type="image" src="images/_7srs60085.png"/>
<require type="image" src="images/_7srs60086.png"/>
<require type="image" src="images/_7srs60087.png"/>
<require type="image" src="images/_7srs60088.png"/>
<require type="image" src="images/_7srs60089.png"/>
<require type="image" src="images/_7srs60090.png"/>
<require type="image" src="images/_7srs60091.png"/>
<require type="image" src="images/_7srs60092.png"/>
<require type="image" src="images/_7srs60093.png"/>
<require type="image" src="images/_7srs60094.png"/>
<require type="image" src="images/_7srs60095.png"/>
<require type="image" src="images/_7srs60096.png"/>
<require type="image" src="images/_7srs60097.png"/>
<require type="image" src="images/_7srs60098.png"/>
<require type="image" src="images/_7srs60099.png"/>
<require type="image" src="images/_7srs60100.png"/>
<require type="image" src="images/_7srs60101.png"/>
<require type="image" src="images/_7srs60102.png"/>
<require type="image" src="images/_7srs60103.png"/>
<require type="image" src="images/_7srs60104.png"/>
<require type="image" src="images/_7srs60105.png"/>
<require type="image" src="images/_7srs60106.png"/>
<require type="image" src="images/_7srs60107.png"/>
<require type="image" src="images/_7srs60108.png"/>
<require type="image" src="images/_7srs60109.png"/>
<require type="image" src="images/_7srs60110.png"/>
<require type="image" src="images/_7srs60111.png"/>
<require type="image" src="images/_7srs60112.png"/>
<require type="other" src="images/_preloader.gif"/>
<require type="folder" src="libs"/>
<require type="folder" src="images"/>
<content></content>

<properties name="Properties">
<property name="default-width" defaultValue="944" hidden="true"/>
<property name="default-height" defaultValue="640" hidden="true"/>
<property name="resizable" defaultValue="true" hidden="true"/>
<property name="centering" defaultValue="both" hidden="true"/>
<property name="scaling" defaultValue="both" hidden="true"/>
<property name="html-page" defaultValue="index.html" hidden="true"/>
<property name="target-platform" defaultValue="htmlcanvas" hidden="true"/>
<property name="created-in" defaultValue="Adobe Animate CC" hidden="true"/>
</properties>

</widget>
