<?xml version="1.0" encoding="UTF-8" standalone="no"?>

<manifest identifier="CAI_ME" version="1.3"
	  xmlns="http://www.imsglobal.org/xsd/imscp_v1p1"
	  xmlns:xsi="http://www.w3.org/2001/XMLSchema-instance"
	  xmlns:adlcp="http://www.adlnet.org/xsd/adlcp_v1p3"
	  xmlns:adlseq="http://www.adlnet.org/xsd/adlseq_v1p3"
	  xmlns:adlnav="http://www.adlnet.org/xsd/adlnav_v1p3"
	  xmlns:imsss="http://www.imsglobal.org/xsd/imsss"
	  xsi:schemaLocation="http://www.imsglobal.org/xsd/imscp_v1p1 imscp_v1p1.xsd
						  http://www.adlnet.org/xsd/adlcp_v1p3 adlcp_v1p3.xsd
						  http://www.adlnet.org/xsd/adlseq_v1p3 adlseq_v1p3.xsd
						  http://www.adlnet.org/xsd/adlnav_v1p3 adlnav_v1p3.xsd
						  http://www.imsglobal.org/xsd/imsss imsss_v1p0.xsd">

	<metadata>
		<schema>ADL SCORM</schema>
		<schemaversion>2004 4th Edition</schemaversion>
		<adlcp:location>metadata.xml</adlcp:location>
	</metadata>
	
	
	<organizations default="CAI_ME_ORG">
		<organization identifier="CAI_ME_ORG">
			<!--****** Title ******-->
			<title>ME</title>
			<item identifier="CAI_ME-FltPlng" identifierref="CAI_ME-FltPlng_RES" isvisible="true">
				<!--****** Title ******-->
				<title>FltPlng</title>
				<metadata>
					<lom xmlns="http://ltsc.ieee.org/xsd/LOM" xmlns:xsi="http://www.w3.org/2001/XMLSchema-instance" xsi:schemaLocation="http://ltsc.ieee.org/xsd/LOM lom.xsd">
						<general>
							<description>
				  				<string language="en-us">Course Description.</string> 
				  			</description>
						</general>
					</lom>
				</metadata>
				<imsss:sequencing>
				<imsss:objectives>
					        <imsss:primaryObjective objectiveID="Quiz_2013591081"/>
				</imsss:objectives>
					<imsss:deliveryControls tracked="true" completionSetByContent="true" objectiveSetByContent="true"/>
				</imsss:sequencing>
			</item>
			<metadata>
				<adlcp:location>metadata.xml</adlcp:location>
			</metadata>			
	<imsss:sequencing>
				<imsss:controlMode choice="true" flow="true"/>
                <imsss:rollupRules>
                    <imsss:rollupRule childActivitySet="all">
                        <imsss:rollupConditions>
                            <imsss:rollupCondition condition="satisfied"/>
                        </imsss:rollupConditions>
                        <imsss:rollupAction action="satisfied"/>
                    </imsss:rollupRule>
                    <imsss:rollupRule childActivitySet="all">
                        <imsss:rollupConditions>
                            <imsss:rollupCondition operator="not" condition="satisfied"/>
                        </imsss:rollupConditions>
                        <imsss:rollupAction action="notSatisfied"/>
                    </imsss:rollupRule>
                    <imsss:rollupRule childActivitySet="all">
                        <imsss:rollupConditions>
                            <imsss:rollupCondition condition="completed"/>
                        </imsss:rollupConditions>
                        <imsss:rollupAction action="completed"/>
                    </imsss:rollupRule>
                    <imsss:rollupRule childActivitySet="all">
                        <imsss:rollupConditions>
                            <imsss:rollupCondition operator="not" condition="completed"/>
                        </imsss:rollupConditions>
                        <imsss:rollupAction action="incomplete"/>
                    </imsss:rollupRule>
                </imsss:rollupRules>
			</imsss:sequencing>
		</organization>
	</organizations>
	<resources>
		<resource adlcp:scormType="sco" identifier="CAI_ME-FltPlng_RES" type="webcontent" href="index_scorm.html">
			<metadata>
				<adlcp:location>metadata.xml</adlcp:location>
			</metadata>
			
			<file href="ar/124418.mp3"></file>
			<file href="index_scorm.html"></file>
			<file href="scormdriver.js"/>
			<file href="browsersniff.js"/>
			
<file href="ar/124421.mp3"/> 
<file href="ar/124435.mp3"/> 
<file href="ar/124438.mp3"/> 
<file href="ar/124444.mp3"/> 
<file href="ar/124447.mp3"/> 
<file href="ar/124458.mp3"/> 
<file href="ar/124491.mp3"/> 
<file href="ar/124544.mp3"/> 
<file href="ar/124559.mp3"/> 
<file href="ar/124562.mp3"/> 
<file href="ar/124589.mp3"/> 
<file href="ar/124595.mp3"/> 
<file href="ar/124598.mp3"/> 
<file href="ar/124613.mp3"/> 
<file href="ar/124616.mp3"/> 
<file href="ar/124619.mp3"/> 
<file href="ar/124622.mp3"/> 
<file href="ar/124625.mp3"/> 
<file href="ar/124628.mp3"/> 
<file href="ar/124631.mp3"/> 
<file href="ar/124637.mp3"/> 
<file href="ar/124640.mp3"/> 
<file href="ar/124643.mp3"/> 
<file href="ar/124664.mp3"/> 
<file href="ar/124667.mp3"/> 
<file href="ar/124688.mp3"/> 
<file href="ar/124694.mp3"/> 
<file href="ar/124706.mp3"/> 
<file href="ar/124709.mp3"/> 
<file href="ar/124898.mp3"/> 
<file href="ar/124914.mp3"/> 
<file href="ar/124943.mp3"/> 
<file href="ar/124956.mp3"/> 
<file href="ar/124971.mp3"/> 
<file href="ar/124974.mp3"/> 
<file href="ar/125247.mp3"/> 
<file href="ar/125256.mp3"/> 
<file href="ar/125265.mp3"/> 
<file href="ar/125287.mp3"/> 
<file href="ar/125290.mp3"/> 
<file href="ar/125293.mp3"/> 
<file href="ar/125415.mp3"/> 
<file href="ar/125418.mp3"/> 
<file href="ar/125433.mp3"/> 
<file href="ar/125779.mp3"/> 
<file href="ar/125785.mp3"/> 
<file href="ar/125788.mp3"/> 
<file href="ar/125791.mp3"/> 
<file href="ar/125810.mp3"/> 
<file href="ar/125813.mp3"/> 
<file href="ar/126250.mp3"/> 
<file href="ar/126253.mp3"/> 
<file href="ar/126256.mp3"/> 
<file href="ar/126259.mp3"/> 
<file href="ar/126262.mp3"/> 
<file href="ar/126265.mp3"/> 
<file href="ar/126268.mp3"/> 
<file href="ar/126592.mp3"/> 
<file href="ar/126601.mp3"/> 
<file href="ar/126604.mp3"/> 
<file href="ar/126637.mp3"/> 
<file href="ar/126806.mp3"/> 
<file href="ar/126817.mp3"/> 
<file href="ar/126826.mp3"/> 
<file href="ar/127291.mp3"/> 
<file href="ar/127294.mp3"/> 
<file href="ar/127335.mp3"/> 
<file href="ar/127344.mp3"/> 
<file href="ar/127347.mp3"/> 
<file href="ar/127506.mp3"/> 
<file href="ar/127527.mp3"/> 
<file href="ar/127788.mp3"/> 
<file href="ar/127821.mp3"/> 
<file href="ar/128305.mp3"/> 
<file href="ar/128308.mp3"/> 
<file href="ar/128334.mp3"/> 
<file href="ar/128625.mp3"/> 
<file href="ar/128628.mp3"/> 
<file href="ar/128852.mp3"/> 
<file href="ar/129467.mp3"/> 
<file href="ar/129470.mp3"/> 
<file href="ar/129473.mp3"/> 
<file href="ar/129476.mp3"/> 
<file href="ar/129479.mp3"/> 
<file href="ar/129482.mp3"/> 
<file href="ar/129485.mp3"/> 
<file href="ar/129493.mp3"/> 
<file href="ar/129496.mp3"/> 
<file href="ar/130356.mp3"/> 
<file href="ar/130361.mp3"/> 
<file href="ar/131488.mp3"/> 
<file href="ar/131847.mp3"/> 
<file href="ar/131870.mp3"/> 
<file href="ar/132400.mp3"/> 
<file href="ar/132403.mp3"/> 
<file href="ar/132663.mp3"/> 
<file href="ar/132704.mp3"/> 
<file href="ar/132707.mp3"/> 
<file href="ar/132710.mp3"/> 
<file href="ar/132789.mp3"/> 
<file href="ar/132792.mp3"/> 
<file href="ar/135500.mp3"/> 
<file href="ar/135503.mp3"/> 
<file href="ar/135506.mp3"/> 
<file href="ar/135509.mp3"/> 
<file href="ar/135512.mp3"/> 
<file href="ar/135515.mp3"/> 
<file href="ar/135726.mp3"/> 
<file href="ar/135729.mp3"/> 
<file href="ar/135732.mp3"/> 
<file href="ar/135827.mp3"/> 
<file href="ar/137680.mp3"/> 
<file href="ar/138921.mp3"/> 
<file href="ar/138923.mp3"/> 
<file href="ar/Mouse.mp3"/> 
<file href="assets/TOC_icons/collapseIcon.png"/> 
<file href="assets/TOC_icons/expandIcon.png"/> 
<file href="assets/TOC_icons/photo.png"/> 
<file href="assets/css/CPLibraryAll.css"/> 
<file href="assets/css/font/fonts/font.css"/> 
<file href="assets/css/font/fonts/raavi.eot"/> 
<file href="assets/css/font/fonts/raavi.otf"/> 
<file href="assets/css/font/fonts/raavi.svg"/> 
<file href="assets/css/font/fonts/raavi.ttf"/> 
<file href="assets/css/font/fonts/raavi.woff"/> 
<file href="assets/css/font/fonts/raavi.woff2"/> 
<file href="assets/css/start/images/animated-overlay.gif"/> 
<file href="assets/css/start/images/ui-bg_flat_55_999999_40x100.png"/> 
<file href="assets/css/start/images/ui-bg_flat_75_aaaaaa_40x100.png"/> 
<file href="assets/css/start/images/ui-bg_glass_45_0078ae_1x400.png"/> 
<file href="assets/css/start/images/ui-bg_glass_55_f8da4e_1x400.png"/> 
<file href="assets/css/start/images/ui-bg_glass_75_79c9ec_1x400.png"/> 
<file href="assets/css/start/images/ui-bg_gloss-wave_45_e14f1c_500x100.png"/> 
<file href="assets/css/start/images/ui-bg_gloss-wave_50_6eac2c_500x100.png"/> 
<file href="assets/css/start/images/ui-bg_gloss-wave_75_2191c0_500x100.png"/> 
<file href="assets/css/start/images/ui-bg_inset-hard_100_fcfdfd_1x100.png"/> 
<file href="assets/css/start/images/ui-icons_0078ae_256x240.png"/> 
<file href="assets/css/start/images/ui-icons_056b93_256x240.png"/> 
<file href="assets/css/start/images/ui-icons_d8e7f3_256x240.png"/> 
<file href="assets/css/start/images/ui-icons_e0fdff_256x240.png"/> 
<file href="assets/css/start/images/ui-icons_f5e175_256x240.png"/> 
<file href="assets/css/start/images/ui-icons_f7a50d_256x240.png"/> 
<file href="assets/css/start/images/ui-icons_fcd113_256x240.png"/> 
<file href="assets/css/start/jquery-ui-1.11.4.custom.css"/> 
<file href="assets/css/start/jquery-ui-1.11.4.custom.min.css"/> 
<file href="assets/htmlimages/360_slide_OFF_Click.svg"/> 
<file href="assets/htmlimages/360_slide_OFF_Hover.svg"/> 
<file href="assets/htmlimages/360_slide_OFF_Normal.svg"/> 
<file href="assets/htmlimages/360_slide_ON_Click.svg"/> 
<file href="assets/htmlimages/360_slide_ON_Hover.svg"/> 
<file href="assets/htmlimages/360_slide_ON_normal.svg"/> 
<file href="assets/htmlimages/Answer_checkbox_correct.png"/> 
<file href="assets/htmlimages/Answer_checkbox_hover.png"/> 
<file href="assets/htmlimages/Answer_checkbox_incorrect.png"/> 
<file href="assets/htmlimages/Answer_checkbox_normal.png"/> 
<file href="assets/htmlimages/Answer_checkbox_select.png"/> 
<file href="assets/htmlimages/Answer_radio_correct.png"/> 
<file href="assets/htmlimages/Answer_radio_hover.png"/> 
<file href="assets/htmlimages/Answer_radio_incorrect.png"/> 
<file href="assets/htmlimages/Answer_radio_normal.png"/> 
<file href="assets/htmlimages/Answer_radio_select.png"/> 
<file href="assets/htmlimages/Graph.jpg"/> 
<file href="assets/htmlimages/HotspotDisplayImage.png"/> 
<file href="assets/htmlimages/HotspotDisplayText.png"/> 
<file href="assets/htmlimages/HotspotNavigation.png"/> 
<file href="assets/htmlimages/HotspotPlayAudio.png"/> 
<file href="assets/htmlimages/HotspotQuestionOverlays.png"/> 
<file href="assets/htmlimages/HotspotStaticActions.png"/> 
<file href="assets/htmlimages/Pause.gif"/> 
<file href="assets/htmlimages/Pause2x.gif"/> 
<file href="assets/htmlimages/Play.gif"/> 
<file href="assets/htmlimages/Play2x.gif"/> 
<file href="assets/htmlimages/Play_icon.png"/> 
<file href="assets/htmlimages/ThreeD_Close.svg"/> 
<file href="assets/htmlimages/ThreeD_HotspotDefaultGlow.png"/> 
<file href="assets/htmlimages/ThreeD_HotspotGlow.png"/> 
<file href="assets/htmlimages/ThreeD_Pause.svg"/> 
<file href="assets/htmlimages/ThreeD_Play.svg"/> 
<file href="assets/htmlimages/VR_menu_close_default@2x.png"/> 
<file href="assets/htmlimages/VR_menu_close_hover@2x.png"/> 
<file href="assets/htmlimages/VR_menu_close_select@2x.png"/> 
<file href="assets/htmlimages/VR_menu_default@2x.png"/> 
<file href="assets/htmlimages/VR_menu_hover@2x.png"/> 
<file href="assets/htmlimages/VR_menu_mute_default@2x.png"/> 
<file href="assets/htmlimages/VR_menu_mute_hover@2x.png"/> 
<file href="assets/htmlimages/VR_menu_mute_select@2x.png"/> 
<file href="assets/htmlimages/VR_menu_next_default@2x.png"/> 
<file href="assets/htmlimages/VR_menu_next_hover@2x.png"/> 
<file href="assets/htmlimages/VR_menu_next_select@2x.png"/> 
<file href="assets/htmlimages/VR_menu_pause_default@2x.png"/> 
<file href="assets/htmlimages/VR_menu_pause_hover@2x.png"/> 
<file href="assets/htmlimages/VR_menu_pause_select@2x.png"/> 
<file href="assets/htmlimages/VR_menu_play_default@2x.png"/> 
<file href="assets/htmlimages/VR_menu_play_hover@2x.png"/> 
<file href="assets/htmlimages/VR_menu_play_select@2x.png"/> 
<file href="assets/htmlimages/VR_menu_previous_default@2x.png"/> 
<file href="assets/htmlimages/VR_menu_previous_hover@2x.png"/> 
<file href="assets/htmlimages/VR_menu_previous_select@2x.png"/> 
<file href="assets/htmlimages/VR_menu_select@2x.png"/> 
<file href="assets/htmlimages/VR_move_left.png"/> 
<file href="assets/htmlimages/VR_move_right.png"/> 
<file href="assets/htmlimages/arrow_right.gif"/> 
<file href="assets/htmlimages/assessmenthotspotvisited.png"/> 
<file href="assets/htmlimages/assessmenthotspotvisited.svg"/> 
<file href="assets/htmlimages/assessmenthotspotvisited@2x.png"/> 
<file href="assets/htmlimages/ccClose.png"/> 
<file href="assets/htmlimages/checkBox_disabled.png"/> 
<file href="assets/htmlimages/checkBox_normal.png"/> 
<file href="assets/htmlimages/checkBox_selected.png"/> 
<file href="assets/htmlimages/checkBox_selectedDisabled.png"/> 
<file href="assets/htmlimages/checkboxchecked.png"/> 
<file href="assets/htmlimages/checkboxunchecked.png"/> 
<file href="assets/htmlimages/closeReviewButton.png"/> 
<file href="assets/htmlimages/correct_answer_normal.png"/> 
<file href="assets/htmlimages/correct_answer_small.png"/> 
<file href="assets/htmlimages/correct_question_normal.png"/> 
<file href="assets/htmlimages/correct_question_small.png"/> 
<file href="assets/htmlimages/dd_arrow.png"/> 
<file href="assets/htmlimages/expand_icon.png"/> 
<file href="assets/htmlimages/expand_icon@2x.png"/> 
<file href="assets/htmlimages/gesturemobileicon.png"/> 
<file href="assets/htmlimages/gesturemobileicon@2x.png"/> 
<file href="assets/htmlimages/gesturemobileimage2.png"/> 
<file href="assets/htmlimages/gesturemobilelandscape.png"/> 
<file href="assets/htmlimages/gesturetabletimage.png"/> 
<file href="assets/htmlimages/hotspot.gif"/> 
<file href="assets/htmlimages/hotspot_correct_answer_normal.png"/> 
<file href="assets/htmlimages/hotspot_incorrect_answer_normal.png"/> 
<file href="assets/htmlimages/img_trans.gif"/> 
<file href="assets/htmlimages/incorrect_answer_normal.png"/> 
<file href="assets/htmlimages/incorrect_answer_small.png"/> 
<file href="assets/htmlimages/incorrect_question_normal.png"/> 
<file href="assets/htmlimages/incorrect_question_small.png"/> 
<file href="assets/htmlimages/loader.gif"/> 
<file href="assets/htmlimages/loader_transparent.gif"/> 
<file href="assets/htmlimages/movieexpire.png"/> 
<file href="assets/htmlimages/partial_correct_question_normal.png"/> 
<file href="assets/htmlimages/partial_correct_question_small.png"/> 
<file href="assets/htmlimages/placeholder.png"/> 
<file href="assets/htmlimages/radioButton_disabled.png"/> 
<file href="assets/htmlimages/radioButton_normal.png"/> 
<file href="assets/htmlimages/radioButton_selected.png"/> 
<file href="assets/htmlimages/radioButton_selectedDisabled.png"/> 
<file href="assets/htmlimages/radiochecked.png"/> 
<file href="assets/htmlimages/radiounchecked.png"/> 
<file href="assets/htmlimages/sequenceReview.png"/> 
<file href="assets/htmlimages/skip_answer_normal.png"/> 
<file href="assets/htmlimages/skip_answer_small.png"/> 
<file href="assets/htmlimages/skip_question_normal.png"/> 
<file href="assets/htmlimages/skip_question_small.png"/> 
<file href="assets/htmlimages/toc.png"/> 
<file href="assets/htmlimages/vidbg.png"/> 
<file href="assets/htmlimages/vidfullscreen.png"/> 
<file href="assets/htmlimages/vidpause.png"/> 
<file href="assets/htmlimages/vidplay.png"/> 
<file href="assets/htmlimages/vidrewind.png"/> 
<file href="assets/htmlimages/vidslider.png"/> 
<file href="assets/htmlimages/vidstop.png"/> 
<file href="assets/htmlimages/vidvolume.png"/> 
<file href="assets/htmlimages/vidvolume2.png"/> 
<file href="assets/htmlimages/vidvolumemute.png"/> 
<file href="assets/js/CPM.js"/> 
<file href="assets/js/CPXHRLoader.js"/> 
<file href="assets/js/OpenAjaxManagedHub-all.js"/> 
<file href="assets/js/jquery-3.3.1.min.js"/> 
<file href="assets/toc/tocIcons/blankBookmark.png"/> 
<file href="assets/toc/tocIcons/clear.png"/> 
<file href="assets/toc/tocIcons/expander.png"/> 
<file href="assets/toc/tocIcons/fullBookmark.png"/> 
<file href="assets/toc/tocIcons/go.png"/> 
<file href="assets/toc/tocIcons/infoClose.png"/> 
<file href="assets/toc/tocIcons/moreinfo.png"/> 
<file href="assets/toc/tocIcons/searchBtnNormal.png"/> 
<file href="assets/toc/tocIcons/searchBtnSelect.png"/> 
<file href="assets/toc/tocIcons/visited.png"/> 
<file href="date.txt"/> 
<file href="dr/img1.json"/> 
<file href="dr/img10.json"/> 
<file href="dr/img11.json"/> 
<file href="dr/img12.json"/> 
<file href="dr/img13.json"/> 
<file href="dr/img14.json"/> 
<file href="dr/img15.json"/> 
<file href="dr/img16.json"/> 
<file href="dr/img17.json"/> 
<file href="dr/img18.json"/> 
<file href="dr/img19.json"/> 
<file href="dr/img2.json"/> 
<file href="dr/img20.json"/> 
<file href="dr/img21.json"/> 
<file href="dr/img22.json"/> 
<file href="dr/img23.json"/> 
<file href="dr/img24.json"/> 
<file href="dr/img25.json"/> 
<file href="dr/img26.json"/> 
<file href="dr/img27.json"/> 
<file href="dr/img28.json"/> 
<file href="dr/img29.json"/> 
<file href="dr/img3.json"/> 
<file href="dr/img30.json"/> 
<file href="dr/img4.json"/> 
<file href="dr/img5.json"/> 
<file href="dr/img6.json"/> 
<file href="dr/img7.json"/> 
<file href="dr/img8.json"/> 
<file href="dr/img9.json"/> 
<file href="dr/imgmd.json"/> 
<file href="dr/loading.gif"/> 
<file href="goodbye.html"/> 
<file href="help/help.html"/> 
<file href="help/help.js"/> 
<file href="help/images/help_atlas_.png"/> 
<file href="index_scorm.exe"/> 
<file href="index_scorm.html"/> 
<file href="index_scorm.ini"/> 
<file href="lesson_data.xml"/> 
<file href="project.txt"/> 
<file href="wr/w_145535/Widget_145535.htm"/> 
<file href="wr/w_145535/css/CNATRAMenu.css"/> 
<file href="wr/w_145535/js/CNATRAMenu.js"/> 
<file href="wr/w_145535/js/GlobalLessonData.js"/> 
<file href="wr/w_145535/js/MainMenu.js"/> 
<file href="wr/w_145546/Widget_145546.htm"/> 
<file href="wr/w_145546/css/Playbar.css"/> 
<file href="wr/w_145546/images/btn-back.jpg"/> 
<file href="wr/w_145546/images/btn-exit.jpg"/> 
<file href="wr/w_145546/images/btn-forward.jpg"/> 
<file href="wr/w_145546/images/btn-help.jpg"/> 
<file href="wr/w_145546/images/btn-mainMenu.jpg"/> 
<file href="wr/w_145546/images/btn-repeat.jpg"/> 
<file href="wr/w_145546/images/btn-resume.jpg"/> 
<file href="wr/w_145546/images/password-entry-bg.png"/> 
<file href="wr/w_145546/js/GlobalLessonData.js"/> 
<file href="wr/w_145546/js/Playbar.js"/> 
<file href="Utilities.js"/> 
            </resource>
	</resources>
</manifest>
