<?xml version="1.0" encoding="UTF-8" standalone="no"?>

<manifest identifier="CAI_ME" version="1.3"
	  xmlns="http://www.imsglobal.org/xsd/imscp_v1p1"
	  xmlns:xsi="http://www.w3.org/2001/XMLSchema-instance"
	  xmlns:adlcp="http://www.adlnet.org/xsd/adlcp_v1p3"
	  xmlns:adlseq="http://www.adlnet.org/xsd/adlseq_v1p3"
	  xmlns:adlnav="http://www.adlnet.org/xsd/adlnav_v1p3"
	  xmlns:imsss="http://www.imsglobal.org/xsd/imsss"
	  xsi:schemaLocation="http://www.imsglobal.org/xsd/imscp_v1p1 imscp_v1p1.xsd
						  http://www.adlnet.org/xsd/adlcp_v1p3 adlcp_v1p3.xsd
						  http://www.adlnet.org/xsd/adlseq_v1p3 adlseq_v1p3.xsd
						  http://www.adlnet.org/xsd/adlnav_v1p3 adlnav_v1p3.xsd
						  http://www.imsglobal.org/xsd/imsss imsss_v1p0.xsd">

	<metadata>
		<schema>ADL SCORM</schema>
		<schemaversion>2004 4th Edition</schemaversion>
		<adlcp:location>metadata.xml</adlcp:location>
	</metadata>
	
	
	<organizations default="CAI_ME_ORG">
		<organization identifier="CAI_ME_ORG">
			<!--****** Title ******-->
			<title>ME</title>
			<item identifier="CAI_ME-FRR" identifierref="CAI_ME-FRR_RES" isvisible="true">
				<!--****** Title ******-->
				<title>FRR</title>
				<metadata>
					<lom xmlns="http://ltsc.ieee.org/xsd/LOM" xmlns:xsi="http://www.w3.org/2001/XMLSchema-instance" xsi:schemaLocation="http://ltsc.ieee.org/xsd/LOM lom.xsd">
						<general>
							<description>
				  				<string language="en-us">Course Description.</string> 
				  			</description>
						</general>
					</lom>
				</metadata>
				<imsss:sequencing>
				<imsss:objectives>
					        <imsss:primaryObjective objectiveID="Quiz_2013591081"/>
				</imsss:objectives>
					<imsss:deliveryControls tracked="true" completionSetByContent="true" objectiveSetByContent="true"/>
				</imsss:sequencing>
			</item>
			<metadata>
				<adlcp:location>metadata.xml</adlcp:location>
			</metadata>			
	<imsss:sequencing>
				<imsss:controlMode choice="true" flow="true"/>
                <imsss:rollupRules>
                    <imsss:rollupRule childActivitySet="all">
                        <imsss:rollupConditions>
                            <imsss:rollupCondition condition="satisfied"/>
                        </imsss:rollupConditions>
                        <imsss:rollupAction action="satisfied"/>
                    </imsss:rollupRule>
                    <imsss:rollupRule childActivitySet="all">
                        <imsss:rollupConditions>
                            <imsss:rollupCondition operator="not" condition="satisfied"/>
                        </imsss:rollupConditions>
                        <imsss:rollupAction action="notSatisfied"/>
                    </imsss:rollupRule>
                    <imsss:rollupRule childActivitySet="all">
                        <imsss:rollupConditions>
                            <imsss:rollupCondition condition="completed"/>
                        </imsss:rollupConditions>
                        <imsss:rollupAction action="completed"/>
                    </imsss:rollupRule>
                    <imsss:rollupRule childActivitySet="all">
                        <imsss:rollupConditions>
                            <imsss:rollupCondition operator="not" condition="completed"/>
                        </imsss:rollupConditions>
                        <imsss:rollupAction action="incomplete"/>
                    </imsss:rollupRule>
                </imsss:rollupRules>
			</imsss:sequencing>
		</organization>
	</organizations>
	<resources>
		<resource adlcp:scormType="sco" identifier="CAI_ME-FRR_RES" type="webcontent" href="index_scorm.html">
			<metadata>
				<adlcp:location>metadata.xml</adlcp:location>
			</metadata>
			
			<file href="ar/146890.mp3"></file>
			<file href="index_scorm.html"></file>
			<file href="scormdriver.js"/>
			<file href="browsersniff.js"/>
			
<file href="ar/146901.mp3"/> 
<file href="ar/146915.mp3"/> 
<file href="ar/146949.mp3"/> 
<file href="ar/146952.mp3"/> 
<file href="ar/146955.mp3"/> 
<file href="ar/147015.mp3"/> 
<file href="ar/147031.mp3"/> 
<file href="ar/147081.mp3"/> 
<file href="ar/147084.mp3"/> 
<file href="ar/147087.mp3"/> 
<file href="ar/147094.mp3"/> 
<file href="ar/147103.mp3"/> 
<file href="ar/147113.mp3"/> 
<file href="ar/147124.mp3"/> 
<file href="ar/147226.mp3"/> 
<file href="ar/147229.mp3"/> 
<file href="ar/147239.mp3"/> 
<file href="ar/147318.mp3"/> 
<file href="ar/147321.mp3"/> 
<file href="ar/147855.mp3"/> 
<file href="ar/147858.mp3"/> 
<file href="ar/148198.mp3"/> 
<file href="ar/148389.mp3"/> 
<file href="ar/148392.mp3"/> 
<file href="ar/148395.mp3"/> 
<file href="ar/148398.mp3"/> 
<file href="ar/148490.mp3"/> 
<file href="ar/148735.mp3"/> 
<file href="ar/148738.mp3"/> 
<file href="ar/148765.mp3"/> 
<file href="ar/148774.mp3"/> 
<file href="ar/148783.mp3"/> 
<file href="ar/148800.mp3"/> 
<file href="ar/148803.mp3"/> 
<file href="ar/148867.mp3"/> 
<file href="ar/148884.mp3"/> 
<file href="ar/148904.mp3"/> 
<file href="ar/148913.mp3"/> 
<file href="ar/148933.mp3"/> 
<file href="ar/148953.mp3"/> 
<file href="ar/148962.mp3"/> 
<file href="ar/148971.mp3"/> 
<file href="ar/149017.mp3"/> 
<file href="ar/149020.mp3"/> 
<file href="ar/149023.mp3"/> 
<file href="ar/149026.mp3"/> 
<file href="ar/149971.mp3"/> 
<file href="ar/150017.mp3"/> 
<file href="ar/150040.mp3"/> 
<file href="ar/150043.mp3"/> 
<file href="ar/150087.mp3"/> 
<file href="ar/150090.mp3"/> 
<file href="ar/150132.mp3"/> 
<file href="ar/150911.mp3"/> 
<file href="ar/151002.mp3"/> 
<file href="ar/151051.mp3"/> 
<file href="ar/151060.mp3"/> 
<file href="ar/151437.mp3"/> 
<file href="ar/151457.mp3"/> 
<file href="ar/151506.mp3"/> 
<file href="ar/151599.mp3"/> 
<file href="ar/151608.mp3"/> 
<file href="ar/151620.mp3"/> 
<file href="ar/151657.mp3"/> 
<file href="ar/151701.mp3"/> 
<file href="ar/151876.mp3"/> 
<file href="ar/151879.mp3"/> 
<file href="ar/151991.mp3"/> 
<file href="ar/152003.mp3"/> 
<file href="ar/152040.mp3"/> 
<file href="ar/152076.mp3"/> 
<file href="ar/152129.mp3"/> 
<file href="ar/152153.mp3"/> 
<file href="ar/152156.mp3"/> 
<file href="ar/152245.mp3"/> 
<file href="ar/152262.mp3"/> 
<file href="ar/152346.mp3"/> 
<file href="ar/152358.mp3"/> 
<file href="ar/152375.mp3"/> 
<file href="ar/152465.mp3"/> 
<file href="ar/152878.mp3"/> 
<file href="ar/152883.mp3"/> 
<file href="ar/152981.mp3"/> 
<file href="ar/152984.mp3"/> 
<file href="ar/152987.mp3"/> 
<file href="ar/153004.mp3"/> 
<file href="ar/153035.mp3"/> 
<file href="ar/153078.mp3"/> 
<file href="ar/153109.mp3"/> 
<file href="ar/153124.mp3"/> 
<file href="ar/153170.mp3"/> 
<file href="ar/153184.mp3"/> 
<file href="ar/153199.mp3"/> 
<file href="ar/153553.mp3"/> 
<file href="ar/153558.mp3"/> 
<file href="ar/153563.mp3"/> 
<file href="ar/153687.mp3"/> 
<file href="ar/153692.mp3"/> 
<file href="ar/153707.mp3"/> 
<file href="ar/153747.mp3"/> 
<file href="ar/153785.mp3"/> 
<file href="ar/153825.mp3"/> 
<file href="ar/153832.mp3"/> 
<file href="ar/153853.mp3"/> 
<file href="ar/153893.mp3"/> 
<file href="ar/154311.mp3"/> 
<file href="ar/154346.mp3"/> 
<file href="ar/154351.mp3"/> 
<file href="ar/154427.mp3"/> 
<file href="ar/154816.mp3"/> 
<file href="ar/154832.mp3"/> 
<file href="ar/154850.mp3"/> 
<file href="ar/154917.mp3"/> 
<file href="ar/154922.mp3"/> 
<file href="ar/154924.mp3"/> 
<file href="ar/154986.mp3"/> 
<file href="ar/155033.mp3"/> 
<file href="ar/155773.mp3"/> 
<file href="ar/155810.mp3"/> 
<file href="ar/155853.mp3"/> 
<file href="ar/156321.mp3"/> 
<file href="ar/156343.mp3"/> 
<file href="ar/156382.mp3"/> 
<file href="ar/156387.mp3"/> 
<file href="ar/156389.mp3"/> 
<file href="ar/156428.mp3"/> 
<file href="ar/156473.mp3"/> 
<file href="ar/156485.mp3"/> 
<file href="ar/156516.mp3"/> 
<file href="ar/156518.mp3"/> 
<file href="ar/156523.mp3"/> 
<file href="ar/156725.mp3"/> 
<file href="ar/156740.mp3"/> 
<file href="ar/156892.mp3"/> 
<file href="ar/156944.mp3"/> 
<file href="ar/156959.mp3"/> 
<file href="ar/156974.mp3"/> 
<file href="ar/157271.mp3"/> 
<file href="ar/157274.mp3"/> 
<file href="ar/157772.mp3"/> 
<file href="ar/158019.mp3"/> 
<file href="ar/158215.mp3"/> 
<file href="ar/158243.mp3"/> 
<file href="ar/158306.mp3"/> 
<file href="ar/158377.mp3"/> 
<file href="ar/158380.mp3"/> 
<file href="ar/158418.mp3"/> 
<file href="ar/158423.mp3"/> 
<file href="ar/158454.mp3"/> 
<file href="ar/160254.mp3"/> 
<file href="ar/160257.mp3"/> 
<file href="ar/160448.mp3"/> 
<file href="ar/160526.mp3"/> 
<file href="ar/160644.mp3"/> 
<file href="ar/160659.mp3"/> 
<file href="ar/160721.mp3"/> 
<file href="ar/160742.mp3"/> 
<file href="ar/160744.mp3"/> 
<file href="ar/161668.mp3"/> 
<file href="ar/161738.mp3"/> 
<file href="ar/161803.mp3"/> 
<file href="ar/161809.mp3"/> 
<file href="ar/161880.mp3"/> 
<file href="ar/161899.mp3"/> 
<file href="ar/161960.mp3"/> 
<file href="ar/162245.mp3"/> 
<file href="ar/162251.mp3"/> 
<file href="ar/162260.mp3"/> 
<file href="ar/162648.mp3"/> 
<file href="ar/162653.mp3"/> 
<file href="ar/162696.mp3"/> 
<file href="ar/162835.mp3"/> 
<file href="ar/162873.mp3"/> 
<file href="ar/162909.mp3"/> 
<file href="ar/162920.mp3"/> 
<file href="ar/162963.mp3"/> 
<file href="ar/162976.mp3"/> 
<file href="ar/164626.mp3"/> 
<file href="ar/164666.mp3"/> 
<file href="ar/170165.mp3"/> 
<file href="ar/170481.mp3"/> 
<file href="ar/171097.mp3"/> 
<file href="ar/171665.mp3"/> 
<file href="ar/171667.mp3"/> 
<file href="ar/171669.mp3"/> 
<file href="ar/171674.mp3"/> 
<file href="ar/171686.mp3"/> 
<file href="ar/171750.mp3"/> 
<file href="ar/171753.mp3"/> 
<file href="ar/171756.mp3"/> 
<file href="ar/171759.mp3"/> 
<file href="ar/171762.mp3"/> 
<file href="ar/171765.mp3"/> 
<file href="ar/171795.mp3"/> 
<file href="ar/172641.mp3"/> 
<file href="ar/172646.mp3"/> 
<file href="ar/172942.mp3"/> 
<file href="ar/172952.mp3"/> 
<file href="ar/173171.mp3"/> 
<file href="ar/173176.mp3"/> 
<file href="ar/173441.mp3"/> 
<file href="ar/173446.mp3"/> 
<file href="ar/173451.mp3"/> 
<file href="ar/174005.mp3"/> 
<file href="ar/174010.mp3"/> 
<file href="ar/174287.mp3"/> 
<file href="ar/174536.mp3"/> 
<file href="ar/174541.mp3"/> 
<file href="ar/174745.mp3"/> 
<file href="ar/174750.mp3"/> 
<file href="ar/174965.mp3"/> 
<file href="ar/174970.mp3"/> 
<file href="ar/174975.mp3"/> 
<file href="ar/175146.mp3"/> 
<file href="ar/175151.mp3"/> 
<file href="ar/175450.mp3"/> 
<file href="ar/175455.mp3"/> 
<file href="ar/178160.mp3"/> 
<file href="ar/178175.mp3"/> 
<file href="ar/178180.mp3"/> 
<file href="ar/178185.mp3"/> 
<file href="ar/178203.mp3"/> 
<file href="ar/178206.mp3"/> 
<file href="ar/178209.mp3"/> 
<file href="ar/178212.mp3"/> 
<file href="ar/178235.mp3"/> 
<file href="ar/178269.mp3"/> 
<file href="ar/178272.mp3"/> 
<file href="ar/178281.mp3"/> 
<file href="ar/178284.mp3"/> 
<file href="ar/178287.mp3"/> 
<file href="ar/178355.mp3"/> 
<file href="ar/178375.mp3"/> 
<file href="ar/178399.mp3"/> 
<file href="ar/178401.mp3"/> 
<file href="ar/178421.mp3"/> 
<file href="ar/178424.mp3"/> 
<file href="ar/178427.mp3"/> 
<file href="ar/178430.mp3"/> 
<file href="ar/178433.mp3"/> 
<file href="ar/178436.mp3"/> 
<file href="ar/178469.mp3"/> 
<file href="ar/178482.mp3"/> 
<file href="ar/Mouse.mp3"/> 
<file href="assets/TOC_icons/collapseIcon.png"/> 
<file href="assets/TOC_icons/expandIcon.png"/> 
<file href="assets/TOC_icons/photo.png"/> 
<file href="assets/css/CPLibraryAll.css"/> 
<file href="assets/css/font/fonts/font.css"/> 
<file href="assets/css/font/fonts/raavi.eot"/> 
<file href="assets/css/font/fonts/raavi.otf"/> 
<file href="assets/css/font/fonts/raavi.svg"/> 
<file href="assets/css/font/fonts/raavi.ttf"/> 
<file href="assets/css/font/fonts/raavi.woff"/> 
<file href="assets/css/font/fonts/raavi.woff2"/> 
<file href="assets/css/start/images/animated-overlay.gif"/> 
<file href="assets/css/start/images/ui-bg_flat_55_999999_40x100.png"/> 
<file href="assets/css/start/images/ui-bg_flat_75_aaaaaa_40x100.png"/> 
<file href="assets/css/start/images/ui-bg_glass_45_0078ae_1x400.png"/> 
<file href="assets/css/start/images/ui-bg_glass_55_f8da4e_1x400.png"/> 
<file href="assets/css/start/images/ui-bg_glass_75_79c9ec_1x400.png"/> 
<file href="assets/css/start/images/ui-bg_gloss-wave_45_e14f1c_500x100.png"/> 
<file href="assets/css/start/images/ui-bg_gloss-wave_50_6eac2c_500x100.png"/> 
<file href="assets/css/start/images/ui-bg_gloss-wave_75_2191c0_500x100.png"/> 
<file href="assets/css/start/images/ui-bg_inset-hard_100_fcfdfd_1x100.png"/> 
<file href="assets/css/start/images/ui-icons_0078ae_256x240.png"/> 
<file href="assets/css/start/images/ui-icons_056b93_256x240.png"/> 
<file href="assets/css/start/images/ui-icons_d8e7f3_256x240.png"/> 
<file href="assets/css/start/images/ui-icons_e0fdff_256x240.png"/> 
<file href="assets/css/start/images/ui-icons_f5e175_256x240.png"/> 
<file href="assets/css/start/images/ui-icons_f7a50d_256x240.png"/> 
<file href="assets/css/start/images/ui-icons_fcd113_256x240.png"/> 
<file href="assets/css/start/jquery-ui-1.11.4.custom.css"/> 
<file href="assets/css/start/jquery-ui-1.11.4.custom.min.css"/> 
<file href="assets/htmlimages/360_slide_OFF_Click.svg"/> 
<file href="assets/htmlimages/360_slide_OFF_Hover.svg"/> 
<file href="assets/htmlimages/360_slide_OFF_Normal.svg"/> 
<file href="assets/htmlimages/360_slide_ON_Click.svg"/> 
<file href="assets/htmlimages/360_slide_ON_Hover.svg"/> 
<file href="assets/htmlimages/360_slide_ON_normal.svg"/> 
<file href="assets/htmlimages/Answer_checkbox_correct.png"/> 
<file href="assets/htmlimages/Answer_checkbox_hover.png"/> 
<file href="assets/htmlimages/Answer_checkbox_incorrect.png"/> 
<file href="assets/htmlimages/Answer_checkbox_normal.png"/> 
<file href="assets/htmlimages/Answer_checkbox_select.png"/> 
<file href="assets/htmlimages/Answer_radio_correct.png"/> 
<file href="assets/htmlimages/Answer_radio_hover.png"/> 
<file href="assets/htmlimages/Answer_radio_incorrect.png"/> 
<file href="assets/htmlimages/Answer_radio_normal.png"/> 
<file href="assets/htmlimages/Answer_radio_select.png"/> 
<file href="assets/htmlimages/Graph.jpg"/> 
<file href="assets/htmlimages/HotspotDisplayImage.png"/> 
<file href="assets/htmlimages/HotspotDisplayText.png"/> 
<file href="assets/htmlimages/HotspotNavigation.png"/> 
<file href="assets/htmlimages/HotspotPlayAudio.png"/> 
<file href="assets/htmlimages/HotspotQuestionOverlays.png"/> 
<file href="assets/htmlimages/HotspotStaticActions.png"/> 
<file href="assets/htmlimages/Pause.gif"/> 
<file href="assets/htmlimages/Pause2x.gif"/> 
<file href="assets/htmlimages/Play.gif"/> 
<file href="assets/htmlimages/Play2x.gif"/> 
<file href="assets/htmlimages/Play_icon.png"/> 
<file href="assets/htmlimages/ThreeD_Close.svg"/> 
<file href="assets/htmlimages/ThreeD_HotspotDefaultGlow.png"/> 
<file href="assets/htmlimages/ThreeD_HotspotGlow.png"/> 
<file href="assets/htmlimages/ThreeD_Pause.svg"/> 
<file href="assets/htmlimages/ThreeD_Play.svg"/> 
<file href="assets/htmlimages/VR_menu_close_default@2x.png"/> 
<file href="assets/htmlimages/VR_menu_close_hover@2x.png"/> 
<file href="assets/htmlimages/VR_menu_close_select@2x.png"/> 
<file href="assets/htmlimages/VR_menu_default@2x.png"/> 
<file href="assets/htmlimages/VR_menu_hover@2x.png"/> 
<file href="assets/htmlimages/VR_menu_mute_default@2x.png"/> 
<file href="assets/htmlimages/VR_menu_mute_hover@2x.png"/> 
<file href="assets/htmlimages/VR_menu_mute_select@2x.png"/> 
<file href="assets/htmlimages/VR_menu_next_default@2x.png"/> 
<file href="assets/htmlimages/VR_menu_next_hover@2x.png"/> 
<file href="assets/htmlimages/VR_menu_next_select@2x.png"/> 
<file href="assets/htmlimages/VR_menu_pause_default@2x.png"/> 
<file href="assets/htmlimages/VR_menu_pause_hover@2x.png"/> 
<file href="assets/htmlimages/VR_menu_pause_select@2x.png"/> 
<file href="assets/htmlimages/VR_menu_play_default@2x.png"/> 
<file href="assets/htmlimages/VR_menu_play_hover@2x.png"/> 
<file href="assets/htmlimages/VR_menu_play_select@2x.png"/> 
<file href="assets/htmlimages/VR_menu_previous_default@2x.png"/> 
<file href="assets/htmlimages/VR_menu_previous_hover@2x.png"/> 
<file href="assets/htmlimages/VR_menu_previous_select@2x.png"/> 
<file href="assets/htmlimages/VR_menu_select@2x.png"/> 
<file href="assets/htmlimages/VR_move_left.png"/> 
<file href="assets/htmlimages/VR_move_right.png"/> 
<file href="assets/htmlimages/arrow_right.gif"/> 
<file href="assets/htmlimages/assessmenthotspotvisited.png"/> 
<file href="assets/htmlimages/assessmenthotspotvisited.svg"/> 
<file href="assets/htmlimages/assessmenthotspotvisited@2x.png"/> 
<file href="assets/htmlimages/ccClose.png"/> 
<file href="assets/htmlimages/checkBox_disabled.png"/> 
<file href="assets/htmlimages/checkBox_normal.png"/> 
<file href="assets/htmlimages/checkBox_selected.png"/> 
<file href="assets/htmlimages/checkBox_selectedDisabled.png"/> 
<file href="assets/htmlimages/checkboxchecked.png"/> 
<file href="assets/htmlimages/checkboxunchecked.png"/> 
<file href="assets/htmlimages/closeReviewButton.png"/> 
<file href="assets/htmlimages/correct_answer_normal.png"/> 
<file href="assets/htmlimages/correct_answer_small.png"/> 
<file href="assets/htmlimages/correct_question_normal.png"/> 
<file href="assets/htmlimages/correct_question_small.png"/> 
<file href="assets/htmlimages/dd_arrow.png"/> 
<file href="assets/htmlimages/expand_icon.png"/> 
<file href="assets/htmlimages/expand_icon@2x.png"/> 
<file href="assets/htmlimages/gesturemobileicon.png"/> 
<file href="assets/htmlimages/gesturemobileicon@2x.png"/> 
<file href="assets/htmlimages/gesturemobileimage2.png"/> 
<file href="assets/htmlimages/gesturemobilelandscape.png"/> 
<file href="assets/htmlimages/gesturetabletimage.png"/> 
<file href="assets/htmlimages/hotspot.gif"/> 
<file href="assets/htmlimages/hotspot_correct_answer_normal.png"/> 
<file href="assets/htmlimages/hotspot_incorrect_answer_normal.png"/> 
<file href="assets/htmlimages/img_trans.gif"/> 
<file href="assets/htmlimages/incorrect_answer_normal.png"/> 
<file href="assets/htmlimages/incorrect_answer_small.png"/> 
<file href="assets/htmlimages/incorrect_question_normal.png"/> 
<file href="assets/htmlimages/incorrect_question_small.png"/> 
<file href="assets/htmlimages/loader.gif"/> 
<file href="assets/htmlimages/loader_transparent.gif"/> 
<file href="assets/htmlimages/movieexpire.png"/> 
<file href="assets/htmlimages/partial_correct_question_normal.png"/> 
<file href="assets/htmlimages/partial_correct_question_small.png"/> 
<file href="assets/htmlimages/placeholder.png"/> 
<file href="assets/htmlimages/radioButton_disabled.png"/> 
<file href="assets/htmlimages/radioButton_normal.png"/> 
<file href="assets/htmlimages/radioButton_selected.png"/> 
<file href="assets/htmlimages/radioButton_selectedDisabled.png"/> 
<file href="assets/htmlimages/radiochecked.png"/> 
<file href="assets/htmlimages/radiounchecked.png"/> 
<file href="assets/htmlimages/sequenceReview.png"/> 
<file href="assets/htmlimages/skip_answer_normal.png"/> 
<file href="assets/htmlimages/skip_answer_small.png"/> 
<file href="assets/htmlimages/skip_question_normal.png"/> 
<file href="assets/htmlimages/skip_question_small.png"/> 
<file href="assets/htmlimages/toc.png"/> 
<file href="assets/htmlimages/vidbg.png"/> 
<file href="assets/htmlimages/vidfullscreen.png"/> 
<file href="assets/htmlimages/vidpause.png"/> 
<file href="assets/htmlimages/vidplay.png"/> 
<file href="assets/htmlimages/vidrewind.png"/> 
<file href="assets/htmlimages/vidslider.png"/> 
<file href="assets/htmlimages/vidstop.png"/> 
<file href="assets/htmlimages/vidvolume.png"/> 
<file href="assets/htmlimages/vidvolume2.png"/> 
<file href="assets/htmlimages/vidvolumemute.png"/> 
<file href="assets/js/CPM.js"/> 
<file href="assets/js/CPXHRLoader.js"/> 
<file href="assets/js/OpenAjaxManagedHub-all.js"/> 
<file href="assets/js/jquery-3.3.1.min.js"/> 
<file href="assets/toc/tocIcons/blankBookmark.png"/> 
<file href="assets/toc/tocIcons/clear.png"/> 
<file href="assets/toc/tocIcons/expander.png"/> 
<file href="assets/toc/tocIcons/fullBookmark.png"/> 
<file href="assets/toc/tocIcons/go.png"/> 
<file href="assets/toc/tocIcons/infoClose.png"/> 
<file href="assets/toc/tocIcons/moreinfo.png"/> 
<file href="assets/toc/tocIcons/searchBtnNormal.png"/> 
<file href="assets/toc/tocIcons/searchBtnSelect.png"/> 
<file href="assets/toc/tocIcons/visited.png"/> 
<file href="date.txt"/> 
<file href="dr/img1.json"/> 
<file href="dr/img10.json"/> 
<file href="dr/img11.json"/> 
<file href="dr/img12.json"/> 
<file href="dr/img13.json"/> 
<file href="dr/img14.json"/> 
<file href="dr/img15.json"/> 
<file href="dr/img16.json"/> 
<file href="dr/img17.json"/> 
<file href="dr/img18.json"/> 
<file href="dr/img19.json"/> 
<file href="dr/img2.json"/> 
<file href="dr/img20.json"/> 
<file href="dr/img21.json"/> 
<file href="dr/img22.json"/> 
<file href="dr/img23.json"/> 
<file href="dr/img24.json"/> 
<file href="dr/img25.json"/> 
<file href="dr/img26.json"/> 
<file href="dr/img27.json"/> 
<file href="dr/img28.json"/> 
<file href="dr/img29.json"/> 
<file href="dr/img3.json"/> 
<file href="dr/img30.json"/> 
<file href="dr/img31.json"/> 
<file href="dr/img32.json"/> 
<file href="dr/img33.json"/> 
<file href="dr/img34.json"/> 
<file href="dr/img35.json"/> 
<file href="dr/img36.json"/> 
<file href="dr/img37.json"/> 
<file href="dr/img38.json"/> 
<file href="dr/img39.json"/> 
<file href="dr/img4.json"/> 
<file href="dr/img40.json"/> 
<file href="dr/img41.json"/> 
<file href="dr/img42.json"/> 
<file href="dr/img43.json"/> 
<file href="dr/img44.json"/> 
<file href="dr/img45.json"/> 
<file href="dr/img46.json"/> 
<file href="dr/img47.json"/> 
<file href="dr/img48.json"/> 
<file href="dr/img49.json"/> 
<file href="dr/img5.json"/> 
<file href="dr/img50.json"/> 
<file href="dr/img51.json"/> 
<file href="dr/img52.json"/> 
<file href="dr/img53.json"/> 
<file href="dr/img54.json"/> 
<file href="dr/img55.json"/> 
<file href="dr/img56.json"/> 
<file href="dr/img57.json"/> 
<file href="dr/img58.json"/> 
<file href="dr/img59.json"/> 
<file href="dr/img6.json"/> 
<file href="dr/img60.json"/> 
<file href="dr/img7.json"/> 
<file href="dr/img8.json"/> 
<file href="dr/img9.json"/> 
<file href="dr/imgmd.json"/> 
<file href="dr/loading.gif"/> 
<file href="goodbye.html"/> 
<file href="help/help.html"/> 
<file href="help/help.js"/> 
<file href="help/images/help_atlas_.png"/> 
<file href="index_scorm.exe"/> 
<file href="index_scorm.html"/> 
<file href="index_scorm.ini"/> 
<file href="lesson_data.xml"/> 
<file href="project.txt"/> 
<file href="wor/wo_204455/M3L1101a_HTML5 Canvas_oam.xml"/> 
<file href="wor/wo_204455/PosterImg_704.png"/> 
<file href="wor/wo_204455/images/_preloader.gif"/> 
<file href="wor/wo_204455/index.html"/> 
<file href="wor/wo_204455/libs/createjs-2015.11.26.min.js"/> 
<file href="wor/wo_204465/M3L1092a_HTML5 Canvas_oam.xml"/> 
<file href="wor/wo_204465/PosterImg_767.png"/> 
<file href="wor/wo_204465/images/_preloader.gif"/> 
<file href="wor/wo_204465/index.html"/> 
<file href="wor/wo_204465/libs/createjs-2015.11.26.min.js"/> 
<file href="wor/wo_204475/M3L1086a_HTML5 Canvas.html"/> 
<file href="wor/wo_204475/M3L1086a_HTML5 Canvas_oam.xml"/> 
<file href="wor/wo_204475/PosterImg_741.png"/> 
<file href="wor/wo_204475/images/_preloader.gif"/> 
<file href="wor/wo_204475/libs/createjs-2015.11.26.min.js"/> 
<file href="wor/wo_204485/M3L1072a_HTML5 Canvas_oam.xml"/> 
<file href="wor/wo_204485/PosterImg_492.png"/> 
<file href="wor/wo_204485/images/_preloader.gif"/> 
<file href="wor/wo_204485/images/index_atlas_.png"/> 
<file href="wor/wo_204485/images/index_atlas_10.png"/> 
<file href="wor/wo_204485/images/index_atlas_2.png"/> 
<file href="wor/wo_204485/images/index_atlas_3.png"/> 
<file href="wor/wo_204485/images/index_atlas_4.png"/> 
<file href="wor/wo_204485/images/index_atlas_5.png"/> 
<file href="wor/wo_204485/images/index_atlas_6.png"/> 
<file href="wor/wo_204485/images/index_atlas_7.png"/> 
<file href="wor/wo_204485/images/index_atlas_8.png"/> 
<file href="wor/wo_204485/images/index_atlas_9.png"/> 
<file href="wor/wo_204485/index.html"/> 
<file href="wor/wo_204485/libs/createjs-2015.11.26.min.js"/> 
<file href="wr/w_201513/Widget_201513.htm"/> 
<file href="wr/w_201513/css/CNATRAMenu.css"/> 
<file href="wr/w_201513/js/CNATRAMenu.js"/> 
<file href="wr/w_201513/js/GlobalLessonData.js"/> 
<file href="wr/w_201513/js/MainMenu.js"/> 
<file href="wr/w_201524/Widget_201524.htm"/> 
<file href="wr/w_201524/css/Playbar.css"/> 
<file href="wr/w_201524/images/btn-back.jpg"/> 
<file href="wr/w_201524/images/btn-exit.jpg"/> 
<file href="wr/w_201524/images/btn-forward.jpg"/> 
<file href="wr/w_201524/images/btn-help.jpg"/> 
<file href="wr/w_201524/images/btn-mainMenu.jpg"/> 
<file href="wr/w_201524/images/btn-repeat.jpg"/> 
<file href="wr/w_201524/images/btn-resume.jpg"/> 
<file href="wr/w_201524/images/password-entry-bg.png"/> 
<file href="wr/w_201524/js/GlobalLessonData.js"/> 
<file href="wr/w_201524/js/Playbar.js"/> 
<file href="Utilities.js"/> 
            </resource>
	</resources>
</manifest>
