<?xml version="1.0" encoding="utf-8" ?>
<widget xmlns="http://openajax.org/metadata" spec="1.0" name="index" version="1">

<description type="text/html"><![CDATA[Widget Exported from Flash Professional]]></description>

<category name="Flash Animation"/>
<remarks>Compatible with: InDesign CC, Dreamweaver CC, Muse</remarks>
<icon src="PosterImg_182.png" width="944" height="640"/>
<require type="other" src="index.html"/>
<require type="javascript" src="libs/createjs-2015.11.26.min.js"/>
<require type="image" src="images/IGR_Advancediagram.jpg"/>
<require type="image" src="images/Mesh.png"/>
<require type="image" src="images/Mesh_1.png"/>
<require type="image" src="images/Path.png"/>
<require type="image" src="images/Path_1.png"/>
<require type="image" src="images/_8srs70001.png"/>
<require type="image" src="images/_8srs70002.png"/>
<require type="image" src="images/_8srs70003.png"/>
<require type="image" src="images/_8srs70004.png"/>
<require type="image" src="images/_8srs70005.png"/>
<require type="image" src="images/_8srs70006.png"/>
<require type="image" src="images/_8srs70007.png"/>
<require type="image" src="images/_8srs70008.png"/>
<require type="image" src="images/_8srs70009.png"/>
<require type="image" src="images/_8srs70010.png"/>
<require type="image" src="images/_8srs70011.png"/>
<require type="image" src="images/_8srs70012.png"/>
<require type="image" src="images/_8srs70013.png"/>
<require type="image" src="images/_8srs70014.png"/>
<require type="image" src="images/_8srs70015.png"/>
<require type="image" src="images/_8srs70016.png"/>
<require type="image" src="images/_8srs70017.png"/>
<require type="image" src="images/_8srs70018.png"/>
<require type="image" src="images/_8srs70019.png"/>
<require type="image" src="images/_8srs70020.png"/>
<require type="image" src="images/_8srs70021.png"/>
<require type="image" src="images/_8srs70022.png"/>
<require type="image" src="images/_8srs70023.png"/>
<require type="image" src="images/_8srs70024.png"/>
<require type="image" src="images/_8srs70025.png"/>
<require type="image" src="images/_8srs70026.png"/>
<require type="image" src="images/_8srs70027.png"/>
<require type="image" src="images/_8srs70028.png"/>
<require type="image" src="images/_8srs70029.png"/>
<require type="image" src="images/_8srs70030.png"/>
<require type="image" src="images/_8srs70031.png"/>
<require type="image" src="images/_8srs70032.png"/>
<require type="image" src="images/_8srs70033.png"/>
<require type="image" src="images/_8srs70034.png"/>
<require type="image" src="images/_8srs70035.png"/>
<require type="image" src="images/_8srs70036.png"/>
<require type="image" src="images/_8srs70037.png"/>
<require type="image" src="images/_8srs70038.png"/>
<require type="image" src="images/_8srs70039.png"/>
<require type="image" src="images/_8srs70040.png"/>
<require type="image" src="images/_8srs70041.png"/>
<require type="image" src="images/_8srs70042.png"/>
<require type="image" src="images/_8srs70043.png"/>
<require type="image" src="images/_8srs70044.png"/>
<require type="image" src="images/_8srs70045.png"/>
<require type="image" src="images/_8srs70046.png"/>
<require type="image" src="images/_8srs70047.png"/>
<require type="image" src="images/_8srs70048.png"/>
<require type="image" src="images/_8srs70049.png"/>
<require type="image" src="images/_8srs70050.png"/>
<require type="image" src="images/_8srs70051.png"/>
<require type="image" src="images/_8srs70052.png"/>
<require type="image" src="images/_8srs70053.png"/>
<require type="image" src="images/_8srs70054.png"/>
<require type="image" src="images/_8srs70055.png"/>
<require type="image" src="images/_8srs70056.png"/>
<require type="image" src="images/_8srs70057.png"/>
<require type="image" src="images/_8srs70058.png"/>
<require type="image" src="images/_8srs70059.png"/>
<require type="image" src="images/_8srs70060.png"/>
<require type="image" src="images/_8srs70061.png"/>
<require type="image" src="images/_8srs70062.png"/>
<require type="image" src="images/_8srs70063.png"/>
<require type="image" src="images/_8srs70064.png"/>
<require type="image" src="images/_8srs70065.png"/>
<require type="image" src="images/_8srs70066.png"/>
<require type="image" src="images/_8srs70067.png"/>
<require type="image" src="images/_8srs70068.png"/>
<require type="image" src="images/_8srs70069.png"/>
<require type="image" src="images/_8srs70070.png"/>
<require type="image" src="images/_8srs70071.png"/>
<require type="image" src="images/_8srs70072.png"/>
<require type="image" src="images/_8srs70073.png"/>
<require type="image" src="images/_8srs70074.png"/>
<require type="image" src="images/_8srs70075.png"/>
<require type="image" src="images/_8srs70076.png"/>
<require type="image" src="images/_8srs70077.png"/>
<require type="image" src="images/_8srs70078.png"/>
<require type="image" src="images/_8srs70079.png"/>
<require type="image" src="images/_8srs70080.png"/>
<require type="image" src="images/_8srs70081.png"/>
<require type="image" src="images/_8srs70082.png"/>
<require type="image" src="images/_8srs70083.png"/>
<require type="image" src="images/_8srs70084.png"/>
<require type="image" src="images/_8srs70085.png"/>
<require type="image" src="images/_8srs70086.png"/>
<require type="image" src="images/_8srs70087.png"/>
<require type="image" src="images/_8srs70088.png"/>
<require type="image" src="images/_8srs70089.png"/>
<require type="image" src="images/_8srs70090.png"/>
<require type="image" src="images/_8srs70091.png"/>
<require type="image" src="images/_8srs70092.png"/>
<require type="image" src="images/_8srs70093.png"/>
<require type="image" src="images/_8srs70094.png"/>
<require type="image" src="images/_8srs70095.png"/>
<require type="image" src="images/_8srs70096.png"/>
<require type="image" src="images/_8srs70097.png"/>
<require type="image" src="images/_8srs70098.png"/>
<require type="image" src="images/_8srs70099.png"/>
<require type="image" src="images/_8srs70100.png"/>
<require type="image" src="images/_8srs70101.png"/>
<require type="image" src="images/_8srs70102.png"/>
<require type="image" src="images/_8srs70103.png"/>
<require type="image" src="images/_8srs70104.png"/>
<require type="image" src="images/_8srs70105.png"/>
<require type="image" src="images/_8srs70106.png"/>
<require type="image" src="images/_8srs70107.png"/>
<require type="image" src="images/_8srs70108.png"/>
<require type="image" src="images/_8srs70109.png"/>
<require type="image" src="images/_8srs70110.png"/>
<require type="image" src="images/_8srs70111.png"/>
<require type="image" src="images/_8srs70112.png"/>
<require type="other" src="images/_preloader.gif"/>
<require type="folder" src="libs"/>
<require type="folder" src="images"/>
<content></content>

<properties name="Properties">
<property name="default-width" defaultValue="944" hidden="true"/>
<property name="default-height" defaultValue="640" hidden="true"/>
<property name="resizable" defaultValue="true" hidden="true"/>
<property name="centering" defaultValue="both" hidden="true"/>
<property name="scaling" defaultValue="both" hidden="true"/>
<property name="html-page" defaultValue="index.html" hidden="true"/>
<property name="target-platform" defaultValue="htmlcanvas" hidden="true"/>
<property name="created-in" defaultValue="Adobe Animate CC" hidden="true"/>
</properties>

</widget>
