﻿<?xml version="1.0" encoding="utf-8"?>
<lesson lessonID="T44CFlt_Insts" lessonTitle="Flight Instruments" lessonType="MIL" allowShowLabel="yes" allowDebug="no">
  <topic topicID="t01" slideNumStart="1" mainMenuTitle="Objectives" navMenuTitle="{tmain}" bottomTitle="{tmain}" refText="" showInNav="yes" showNavChildren="yes">
    <page slideID="t01p001" navMenuTitle="Objectives 1-10" screenTitle="{nav}" bottomTitle="{nav}" refText="" showInNav="yes" />
    <page slideID="t01p002" navMenuTitle="Objective 1" screenTitle="{nav}" bottomTitle="{nav}" refText="" showInNav="no" />
    <page slideID="t01p003" navMenuTitle="Pitot and Static System 1.1" screenTitle="{nav}" bottomTitle="{nav}" refText="" showInNav="yes" />
    <page slideID="t01p004" navMenuTitle="Pitot and Static System 1.2" screenTitle="{nav}" bottomTitle="{nav}" refText="" showInNav="no" />
    <page slideID="t01p005" navMenuTitle="Introduction" screenTitle="{nav}" bottomTitle="{nav}" refText="" showInNav="no" />
    <page slideID="t01p006" navMenuTitle="Pitot and Static System 1.3" screenTitle="{nav}" bottomTitle="{nav}" refText="" showInNav="no" />
    <page slideID="t01p007_rpt" navMenuTitle="Components" screenTitle="{nav}" bottomTitle="{nav}" refText="" showInNav="yes" />
    <page slideID="t01p007a_rpt" navMenuTitle="Components" screenTitle="{nav}" bottomTitle="{nav}" refText="" showInNav="no" />
    <page slideID="t01p008" navMenuTitle="Introduction" screenTitle="{nav}" bottomTitle="{nav}" refText="" showInNav="no" />
    <page slideID="t01p009" navMenuTitle="Objectives 2-4 " screenTitle="{nav}" bottomTitle="{nav}" refText="" showInNav="yes" />
    <page slideID="t01p010" navMenuTitle="Primary Flight Display 1.1" screenTitle="{nav}" bottomTitle="{nav}" refText="" showInNav="yes" />
    <page slideID="t01p011" navMenuTitle="Primary Flight Display 1.2" screenTitle="{nav}" bottomTitle="{nav}" refText="" showInNav="no" />
    <page slideID="t01p012" navMenuTitle="PFD Components" screenTitle="{nav}" bottomTitle="{nav}" refText="" showInNav="yes" />
    <page slideID="t01p013" navMenuTitle="Line Select Key Entries 1.1" screenTitle="{nav}" bottomTitle="{nav}" refText="" showInNav="no" />
    <page slideID="t01p014" navMenuTitle="Line Select Key Entries 1.2" screenTitle="{nav}" bottomTitle="{nav}" refText="" showInNav="no" />
    <page slideID="t01p015" navMenuTitle="Objective 5" screenTitle="{nav}" bottomTitle="{nav}" refText="" showInNav="yes" />
    <page slideID="t01p016" navMenuTitle="Attitude Direction Indicator Display 1.1" screenTitle="{nav}" bottomTitle="{nav}" refText="" showInNav="yes" />
    <page slideID="t01p017" navMenuTitle="Attitude Direction Indicator Display 1.2" screenTitle="{nav}" bottomTitle="{nav}" refText="" showInNav="no" />
    <page slideID="t01p018" navMenuTitle="ADI Components" screenTitle="{nav}" bottomTitle="{nav}" refText="" showInNav="yes" />
    <page slideID="t01p019" navMenuTitle="Airplane Symbol" screenTitle="{nav}" bottomTitle="{nav}" refText="" showInNav="no" />
    <page slideID="t01p020" navMenuTitle="Flight Director Steering Command Bars" screenTitle="{nav}" bottomTitle="{nav}" refText="" showInNav="no" />
    <page slideID="t01p021" navMenuTitle="Wing Tips" screenTitle="{nav}" bottomTitle="{nav}" refText="" showInNav="no" />
    <page slideID="t01p022" navMenuTitle="Marker Beacon Annunciator" screenTitle="{nav}" bottomTitle="{nav}" refText="" showInNav="no" />
    <page slideID="t01p023" navMenuTitle="Roll Scale" screenTitle="{nav}" bottomTitle="{nav}" refText="" showInNav="no" />
    <page slideID="t01p024" navMenuTitle="Mistrim Annunciators" screenTitle="{nav}" bottomTitle="{nav}" refText="" showInNav="no" />
    <page slideID="t01p025" navMenuTitle="Autopilot/FGC/NAV Annunciator Display" screenTitle="{nav}" bottomTitle="{nav}" refText="" showInNav="yes" />
    <page slideID="t01p026" navMenuTitle="Roll Pointer" screenTitle="{nav}" bottomTitle="{nav}" refText="" showInNav="no" />
    <page slideID="t01p027" navMenuTitle="Slip/Skid Indicator" screenTitle="{nav}" bottomTitle="{nav}" refText="" showInNav="no" />
    <page slideID="t01p028" navMenuTitle="Vertical Deviation Display" screenTitle="{nav}" bottomTitle="{nav}" refText="" showInNav="no" />
    <page slideID="t01p029" navMenuTitle="Pitch Scale" screenTitle="{nav}" bottomTitle="{nav}" refText="" showInNav="no" />
    <page slideID="t01p030" navMenuTitle="Horizon Line" screenTitle="{nav}" bottomTitle="{nav}" refText="" showInNav="no" />
    <page slideID="t01p031" navMenuTitle="Excessive Pitch Chevrons" screenTitle="{nav}" bottomTitle="{nav}" refText="" showInNav="no" />
    <page slideID="t01p032" navMenuTitle="PFD Declutter" screenTitle="{nav}" bottomTitle="{nav}" refText="" showInNav="no" />
    <page slideID="t01p033" navMenuTitle="Objective 6-10" screenTitle="{nav}" bottomTitle="{nav}" refText="" showInNav="yes" />
    <page slideID="t01p034" navMenuTitle="Horizontal Situation Indicator Display 1.1" screenTitle="{nav}" bottomTitle="{nav}" refText="" showInNav="yes" />
    <page slideID="t01p035" navMenuTitle="Horizontal Situation Indicator Display 1.2" screenTitle="{nav}" bottomTitle="{nav}" refText="" showInNav="no" />
    <page slideID="t01p036" navMenuTitle="Horizontal Situation Indicator Display 1.3" screenTitle="{nav}" bottomTitle="{nav}" refText="" showInNav="no" />
    <page slideID="t01p037" navMenuTitle="Horizontal Situation Indicator Display 1.4" screenTitle="{nav}" bottomTitle="{nav}" refText="" showInNav="no" />
    <page slideID="t01p038" navMenuTitle="HSI Components" screenTitle="{nav}" bottomTitle="{nav}" refText="" showInNav="yes" />
    <page slideID="t01p039" navMenuTitle="Digital Heading/Lubber Line" screenTitle="{nav}" bottomTitle="{nav}" refText="" showInNav="no" />
    <page slideID="t01p040" navMenuTitle="Drift Angle Pointer" screenTitle="{nav}" bottomTitle="{nav}" refText="" showInNav="no" />
    <page slideID="t01p041" navMenuTitle="Selected Heading Bug" screenTitle="{nav}" bottomTitle="{nav}" refText="" showInNav="no" />
    <page slideID="t01p042" navMenuTitle="Active Course Display" screenTitle="{nav}" bottomTitle="{nav}" refText="" showInNav="no" />
    <page slideID="t01p043" navMenuTitle="Course Pointer &amp; Course Deviation Indicator" screenTitle="{nav}" bottomTitle="{nav}" refText="" showInNav="yes" />
    <page slideID="t01p044" navMenuTitle="Airplane Symbol and Lateral Deviation Scale" screenTitle="{nav}" bottomTitle="{nav}" refText="" showInNav="no" />
    <page slideID="t01p045" navMenuTitle="Wind Vector" screenTitle="{nav}" bottomTitle="{nav}" refText="" showInNav="no" />
    <page slideID="t01p046" navMenuTitle="Bearing Pointer" screenTitle="{nav}" bottomTitle="{nav}" refText="" showInNav="no" />
    <page slideID="t01p047" navMenuTitle="Line Select Keys 1.1" screenTitle="{nav}" bottomTitle="{nav}" refText="" showInNav="no" />
    <page slideID="t01p048" navMenuTitle="Line Select Keys 1.2" screenTitle="{nav}" bottomTitle="{nav}" refText="" showInNav="no" />
    <page slideID="t01p049" navMenuTitle="Elapsed Timer" screenTitle="{nav}" bottomTitle="{nav}" refText="" showInNav="yes" />
    <page slideID="t01p050" navMenuTitle="HSI Displays 1.1" screenTitle="{nav}" bottomTitle="{nav}" refText="" showInNav="yes" />
    <page slideID="t01p051" navMenuTitle="HSI Displays 1.2" screenTitle="{nav}" bottomTitle="{nav}" refText="" showInNav="no" />
    <page slideID="t01p052" navMenuTitle="HSI Displays 1.3" screenTitle="{nav}" bottomTitle="{nav}" refText="" showInNav="no" />
    <page slideID="t01p053" navMenuTitle="HSI Displays 1.4" screenTitle="{nav}" bottomTitle="{nav}" refText="" showInNav="no" />
    <page slideID="t01p054" navMenuTitle="HSI Displays 1.5" screenTitle="{nav}" bottomTitle="{nav}" refText="" showInNav="no" />
    <page slideID="t01p055" navMenuTitle="HSI Displays 1.6" screenTitle="{nav}" bottomTitle="{nav}" refText="" showInNav="no" />
    <page slideID="t01p056" navMenuTitle="RADAR Button" screenTitle="{nav}" bottomTitle="{nav}" refText="" showInNav="yes" />
    <page slideID="t01p057" navMenuTitle="TEST Mode" screenTitle="{nav}" bottomTitle="{nav}" refText="" showInNav="no" />
    <page slideID="t01p058" navMenuTitle="Weather Radar Failure" screenTitle="{nav}" bottomTitle="{nav}" refText="" showInNav="no" />
    <page slideID="t01p059" navMenuTitle="Objectives 11-20" screenTitle="{nav}" bottomTitle="{nav}" refText="" showInNav="yes" />
    <page slideID="t01p060" navMenuTitle="Indication of Failures on the PFD" screenTitle="{nav}" bottomTitle="{nav}" refText="" showInNav="no" />
    <page slideID="t01p061" navMenuTitle="Objective 16" screenTitle="{nav}" bottomTitle="{nav}" refText="" showInNav="yes" />
    <page slideID="t01p062" navMenuTitle="Turn and Slip Indicator 1.1" screenTitle="{nav}" bottomTitle="{nav}" refText="" showInNav="no" />
    <page slideID="t01p063" navMenuTitle="Turn and Slip Indicator 1.2" screenTitle="{nav}" bottomTitle="{nav}" refText="" showInNav="no" />
    <page slideID="t01p064" navMenuTitle="Turn and Slip Indicator 1.3" screenTitle="{nav}" bottomTitle="{nav}" refText="" showInNav="no" />
    <page slideID="t01p065" navMenuTitle="Turn and Slip Indicator 1.4" screenTitle="{nav}" bottomTitle="{nav}" refText="" showInNav="no" />
    <page slideID="t01p066" navMenuTitle="Turn and Slip Indicator 1.5" screenTitle="{nav}" bottomTitle="{nav}" refText="" showInNav="no" />
    <page slideID="t01p067" navMenuTitle="Magnetic Compass 1.1" screenTitle="{nav}" bottomTitle="{nav}" refText="" showInNav="no" />
    <page slideID="t01p068" navMenuTitle="Magnetic Compass 1.2" screenTitle="{nav}" bottomTitle="{nav}" refText="" showInNav="no" />
    <page slideID="t01p069" navMenuTitle="Objectives 11-20" screenTitle="{nav}" bottomTitle="{nav}" refText="" showInNav="yes" />
    <page slideID="t01p070" navMenuTitle="Electronic Standby Instrument System 1.1" screenTitle="{nav}" bottomTitle="{nav}" refText="" showInNav="yes" />
    <page slideID="t01p071" navMenuTitle="Electronic Standby Instrument System 1.2" screenTitle="{nav}" bottomTitle="{nav}" refText="" showInNav="no" />
    <page slideID="t01p072" navMenuTitle="Electronic Standby Instrument System 1.3" screenTitle="{nav}" bottomTitle="{nav}" refText="" showInNav="no" />
    <page slideID="t01p073" navMenuTitle="ESIS Components 1.1" screenTitle="{nav}" bottomTitle="{nav}" refText="" showInNav="yes" />
    <page slideID="t01p074" navMenuTitle="ESIS Components 1.2" screenTitle="{nav}" bottomTitle="{nav}" refText="" showInNav="no" />
    <page slideID="t01p075" navMenuTitle="ESIS Components 1.3" screenTitle="{nav}" bottomTitle="{nav}" refText="" showInNav="no" />
    <page slideID="t01p076" navMenuTitle="ESIS Components 1.4" screenTitle="{nav}" bottomTitle="{nav}" refText="" showInNav="no" />
    <page slideID="t01p077" navMenuTitle="ESIS Components 1.5" screenTitle="{nav}" bottomTitle="{nav}" refText="" showInNav="no" />
    <page slideID="t01p078" navMenuTitle="ESIS Components 1.6" screenTitle="{nav}" bottomTitle="{nav}" refText="" showInNav="no" />
    <page slideID="t01p079" navMenuTitle="ESIS Components 1.7" screenTitle="{nav}" bottomTitle="{nav}" refText="" showInNav="no" />
    <page slideID="t01p080" navMenuTitle="ESIS Components 1.8" screenTitle="{nav}" bottomTitle="{nav}" refText="" showInNav="no" />
    <page slideID="t01p081" navMenuTitle="ESIS Components 1.9" screenTitle="{nav}" bottomTitle="{nav}" refText="" showInNav="no" />
    <page slideID="t01p082" navMenuTitle="ESIS Power Up" screenTitle="{nav}" bottomTitle="{nav}" refText="" showInNav="yes" />
    <page slideID="t01p083" navMenuTitle="ESIS Identification Screen" screenTitle="{nav}" bottomTitle="{nav}" refText="" showInNav="no" />
    <page slideID="t01p084" navMenuTitle="ESIS Failures" screenTitle="{nav}" bottomTitle="{nav}" refText="" showInNav="no" />
    <page slideID="t01p085" navMenuTitle="Review Questions 1.1" screenTitle="" bottomTitle="Pitot and Static System" refText="" showInNav="yes" />
    <page slideID="t01p086" navMenuTitle="Review Questions 1.2" screenTitle="" bottomTitle="Primary Flight Display" refText="" showInNav="no" />
    <page slideID="t01p087" navMenuTitle="Review Questions 1.3" screenTitle="" bottomTitle="Primary Flight Display" refText="" showInNav="no" />
    <page slideID="t01p088" navMenuTitle="Review Questions 1.4" screenTitle="" bottomTitle="Primary Flight Display" refText="" showInNav="no" />
    <page slideID="t01p089" navMenuTitle="Review Questions 1.5" screenTitle="" bottomTitle="Primary Flight Display" refText="" showInNav="no" />
    <page slideID="t01p090" navMenuTitle="Review Questions 1.6" screenTitle="" bottomTitle="Primary Flight Display" refText="" showInNav="no" />
    <page slideID="t01p091" navMenuTitle="Review Questions 1.7" screenTitle="" bottomTitle="Line Select Keys" refText="" showInNav="no" />
    <page slideID="t01p092" navMenuTitle="Review Questions 1.8" screenTitle="" bottomTitle="Attitude Direction Indicator Display" refText="" showInNav="no" />
    <page slideID="t01p093" navMenuTitle="Review Questions 1.9" screenTitle="" bottomTitle="Horizontal Situation Indicator" refText="" showInNav="no" />
    <page slideID="t01p094" navMenuTitle="Review Questions 1.10" screenTitle="" bottomTitle="Display Control Panel" refText="" showInNav="no" />
    <page slideID="t01p095" navMenuTitle="Review Questions 1.11" screenTitle="" bottomTitle="Line Select Keys" refText="" showInNav="yes" />
    <page slideID="t01p096" navMenuTitle="Review Questions 1.12" screenTitle="" bottomTitle="Line Select Keys" refText="" showInNav="no" />
    <page slideID="t01p097" navMenuTitle="Review Questions 1.13" screenTitle="" bottomTitle="Magnetic Compass" refText="" showInNav="no" />
    <page slideID="t01p098" navMenuTitle="Review Questions 1.14" screenTitle="" bottomTitle="Electronic Standby Instrument System" refText="" showInNav="no" />
    <page slideID="t01p099" navMenuTitle="Review Questions 1.15" screenTitle="" bottomTitle="Electronic Standby Instrument System" refText="" showInNav="no" />
    <page slideID="t01p100" navMenuTitle="Review Questions 1.16" screenTitle="" bottomTitle="Electronic Standby Instrument System" refText="" showInNav="no" />
    <page slideID="t01p101" navMenuTitle="Review Questions 1.17" screenTitle="" bottomTitle="Electronic Standby Instrument System" refText="" showInNav="no" />
    <page slideID="t01p102" navMenuTitle="Review Questions 1.18" screenTitle="" bottomTitle="Airspeed Indicator" refText="" showInNav="no" />
    <page slideID="t01p103" navMenuTitle="Review Questions 1.19" screenTitle="" bottomTitle="Attitude Direction Indicator Display" refText="" showInNav="no" />
    <page slideID="t01p104" navMenuTitle="Review Questions 1.20" screenTitle="" bottomTitle="Pitot and Static System" refText="" showInNav="no" />
    <page slideID="t01p105" navMenuTitle="Review Questions 1.21" screenTitle="" bottomTitle="Airspeed Indicator" refText="" showInNav="yes" />
    <page slideID="t01p106" navMenuTitle="Review Questions 1.22" screenTitle="" bottomTitle="Airspeed Indicator" refText="" showInNav="no" />
    <page slideID="t01p107" navMenuTitle="Review Questions 1.23" screenTitle="" bottomTitle="Attitude Direction Indicator Display" refText="" showInNav="no" />
    <page slideID="t01p108" navMenuTitle="Review Questions 1.24" screenTitle="" bottomTitle="Altimeter w/Vertical Speed Indicator" refText="" showInNav="no" />
    <page slideID="t01p109" navMenuTitle="Review Questions 1.25" screenTitle="" bottomTitle="Altimeter w/Vertical Speed Indicator" refText="" showInNav="no" />
    <page slideID="t01p110" navMenuTitle="Review Questions 1.26" screenTitle="" bottomTitle="Altimeter w/Vertical Speed Indicator" refText="" showInNav="no" />
    <page slideID="t01p111" navMenuTitle="Review Questions 1.27" screenTitle="" bottomTitle="Altimeter w/Vertical Speed Indicator" refText="" showInNav="no" />
    <page slideID="t01p112" navMenuTitle="Review Questions 1.28" screenTitle="" bottomTitle="Line Select Keys" refText="" showInNav="no" />
    <page slideID="t01p113" navMenuTitle="Review Questions 1.29" screenTitle="" bottomTitle="Line Select Keys" refText="" showInNav="no" />
    <page slideID="t01p114" navMenuTitle="Review Questions 1.30" screenTitle="" bottomTitle="Display Control Panel" refText="" showInNav="no" />
    <page slideID="t01p115" navMenuTitle="Review Questions 1.31" screenTitle="" bottomTitle="Display Control Panel" refText="" showInNav="yes" />
    <page slideID="t01p116" navMenuTitle="Review Questions 1.32" screenTitle="" bottomTitle="Display Control Panel" refText="" showInNav="no" />
    <page slideID="t01p117" navMenuTitle="Review Questions 1.33" screenTitle="" bottomTitle="Electronic Standby Instrument System" refText="" showInNav="no" />
    <page slideID="t01p118" navMenuTitle="Review Questions 1.34" screenTitle="" bottomTitle="Electronic Standby Instrument System" refText="" showInNav="no" />
    <page slideID="t01p119" navMenuTitle="Review Questions 1.35" screenTitle="" bottomTitle="Electronic Standby Instrument System" refText="" showInNav="no" />
    <page slideID="t01p120" navMenuTitle="Review Questions 1.36" screenTitle="" bottomTitle="Electronic Standby Instrument System" refText="" showInNav="no" />
    <page slideID="t01p121" navMenuTitle="Review Questions 1.37" screenTitle="" bottomTitle="Electronic Standby Instrument System" refText="" showInNav="no" />
    <page slideID="t01p122" navMenuTitle="Review Questions 1.38" screenTitle="" bottomTitle="Electronic Standby Instrument System" refText="" showInNav="no" />
    <page slideID="t01p123" navMenuTitle="Review Questions 1.39" screenTitle="" bottomTitle="Electronic Standby Instrument System" refText="" showInNav="no" />
    <page slideID="t01p124" navMenuTitle="Review Questions 1.40" screenTitle="" bottomTitle="Electronic Standby Instrument System" refText="" showInNav="no" />
    <page slideID="t01p125" navMenuTitle="Review Questions 1.41" screenTitle="" bottomTitle="Electronic Standby Instrument System" refText="" showInNav="yes" />
    <page slideID="t01p126" navMenuTitle="Review Questions 1.42" screenTitle="" bottomTitle="Electronic Standby Instrument System" refText="" showInNav="no" />
    <page slideID="t01p127" navMenuTitle="Review Questions 1.43" screenTitle="" bottomTitle="Magnetic Compass" refText="" showInNav="yes" />
  </topic>
  <topic topicID="t02" slideNumStart="129" mainMenuTitle="Pitot and Static System" navMenuTitle="{tmain}" bottomTitle="{tmain}" refText="" showInNav="yes" showNavChildren="yes">
    <page slideID="t02p001" navMenuTitle="Pitot and Static System 1.1" screenTitle="{nav}" bottomTitle="{nav}" refText="" showInNav="yes" />
    <page slideID="t02p002" navMenuTitle="Pitot and Static System 1.2" screenTitle="{nav}" bottomTitle="{nav}" refText="" showInNav="no" />
  </topic>
  <topic topicID="t03" slideNumStart="131" mainMenuTitle="Primary Flight Display" navMenuTitle="{tmain}" bottomTitle="{tmain}" refText="" showInNav="yes" showNavChildren="yes">
    <page slideID="t03p001" navMenuTitle="Primary Flight Display 1.1" screenTitle="{nav}" bottomTitle="{nav}" refText="" showInNav="yes" />
    <page slideID="t03p002" navMenuTitle="Primary Flight Display 1.2" screenTitle="{nav}" bottomTitle="{nav}" refText="" showInNav="no" />
  </topic>
  <topic topicID="t04" slideNumStart="133" mainMenuTitle="Attitude Direction Indicator Display" navMenuTitle="{tmain}" bottomTitle="ADI" refText="" showInNav="yes" showNavChildren="yes">
    <page slideID="t04p001" navMenuTitle="Attitude Direction Indicator Display 1.1" screenTitle="{nav}" bottomTitle="{nav}" refText="" showInNav="yes" />
    <page slideID="t04p002" navMenuTitle="Attitude Direction Indicator Display 1.2" screenTitle="{nav}" bottomTitle="{nav}" refText="" showInNav="no" />
  </topic>
  <topic topicID="t05" slideNumStart="135" mainMenuTitle="Horizontal Situation Indicator Display" navMenuTitle="{tmain}" bottomTitle="HSI" refText="" showInNav="yes" showNavChildren="yes">
    <page slideID="t05p001" navMenuTitle="Horizontal Situation Indicator Display 1.1" screenTitle="{nav}" bottomTitle="{nav}" refText="" showInNav="yes" />
    <page slideID="t05p002" navMenuTitle="Horizontal Situation Indicator Display 1.2" screenTitle="{nav}" bottomTitle="{nav}" refText="" showInNav="no" />
  </topic>
  <topic topicID="t06" slideNumStart="137" mainMenuTitle="Electronic Standby Instrument System" navMenuTitle="{tmain}" bottomTitle="ESIS" refText="" showInNav="yes" showNavChildren="yes">
    <page slideID="t06p001" navMenuTitle="Electronic Standby Instrument System 1.1" screenTitle="{nav}" bottomTitle="{nav}" refText="" showInNav="yes" />
    <page slideID="t06p002" navMenuTitle="Electronic Standby Instrument System 1.2" screenTitle="{nav}" bottomTitle="{nav}" refText="" showInNav="no" />
  </topic>
  <topic topicID="t07" slideNumStart="139" mainMenuTitle="Turn and Slip Indicator" navMenuTitle="{tmain}" bottomTitle="{tmain}" refText="" showInNav="yes" showNavChildren="yes">
    <page slideID="t07p001" navMenuTitle="Turn and Slip Indicator 1.1" screenTitle="{nav}" bottomTitle="{nav}" refText="" showInNav="yes" />
    <page slideID="t07p002" navMenuTitle="Turn and Slip Indicator 1.2" screenTitle="{nav}" bottomTitle="{nav}" refText="" showInNav="no" />
  </topic>
</lesson>