﻿<?xml version="1.0" encoding="utf-8"?>
<lesson lessonID="T44CEnvir" lessonTitle="Environmental Systems" lessonType="MIL" allowShowLabel="yes" allowDebug="no">
  <topic topicID="t01" slideNumStart="1" mainMenuTitle="Objectives" navMenuTitle="{tmain}" bottomTitle="{tmain}" refText="NATOPS: Section " showInNav="yes" showNavChildren="no">
    <page slideID="t01p001" navMenuTitle="Objectives 1-8" screenTitle="{nav}" bottomTitle="{nav}" refText="" showInNav="no" />
    <page slideID="t01p002" navMenuTitle="Objective 1" screenTitle="{nav}" bottomTitle="{nav}" refText="" showInNav="no" />
    <page slideID="t01p003" navMenuTitle="Pressurization System" screenTitle="{nav}" bottomTitle="{nav}" refText="" showInNav="no" />
    <page slideID="t01p004" navMenuTitle="Pressurization System" screenTitle="{nav}" bottomTitle="{nav}" refText="" showInNav="no" />
    <page slideID="t01p005_rpt" navMenuTitle="Pressurization System" screenTitle="{nav}" bottomTitle="{nav}" refText="" showInNav="no" />
    <page slideID="t01p007" navMenuTitle="Pressurization System" screenTitle="{nav}" bottomTitle="{nav}" refText="" showInNav="no" />
    <page slideID="t01p200" navMenuTitle="Objective 1" screenTitle="{nav}" bottomTitle="{nav}" refText="" showInNav="no" />
    <page slideID="t01p010" navMenuTitle="Pressurization Control System Component" screenTitle="{nav}" bottomTitle="{nav}" refText="{topic}2.18" showInNav="no" />
    <page slideID="t01p011" navMenuTitle="Pressurization Control System Component" screenTitle="{nav}" bottomTitle="{nav}" refText="{topic}2.18" showInNav="no" />
    <page slideID="t01p012" navMenuTitle="Pressurization Control System Component" screenTitle="{nav}" bottomTitle="{nav}" refText="{topic}2.18" showInNav="no" />
    <page slideID="t01p013" navMenuTitle="Pressurization Control System Component" screenTitle="{nav}" bottomTitle="{nav}" refText="{topic}2.18" showInNav="no" />
    <page slideID="t01p014" navMenuTitle="Pressurization Control System Component" screenTitle="{nav}" bottomTitle="{nav}" refText="{topic}2.18" showInNav="no" />
    <page slideID="t01p015" navMenuTitle="Pressurization Control System Component" screenTitle="{nav}" bottomTitle="{nav}" refText="{topic}2.18" showInNav="no" />
    <page slideID="t01p016" navMenuTitle="Pressurization Control System Component" screenTitle="{nav}" bottomTitle="{nav}" refText="{topic}2.18" showInNav="no" />
    <page slideID="t01p250" navMenuTitle="Objective 1" screenTitle="{nav}" bottomTitle="{nav}" refText="" showInNav="no" />
    <page slideID="t01p017" navMenuTitle="Heating System Components" screenTitle="{nav}" bottomTitle="{nav}" refText="{topic}2.18" showInNav="no" />
    <page slideID="t01p018" navMenuTitle="Heating System Components" screenTitle="{nav}" bottomTitle="{nav}" refText="{topic}2.18" showInNav="no" />
    <page slideID="t01p019" navMenuTitle="Heating System Components" screenTitle="{nav}" bottomTitle="{nav}" refText="{topic}2.18" showInNav="no" />
    <page slideID="t01p020" navMenuTitle="Heating System Components" screenTitle="{nav}" bottomTitle="{nav}" refText="{topic}2.18" showInNav="no" />
    <page slideID="t01p021" navMenuTitle="Heating System Components" screenTitle="{nav}" bottomTitle="{nav}" refText="{topic}2.18" showInNav="no" />
    <page slideID="t01p022" navMenuTitle="Heating System Components" screenTitle="{nav}" bottomTitle="{nav}" refText="{topic}2.18" showInNav="no" />
    <page slideID="t01p023" navMenuTitle="Heating System Components" screenTitle="{nav}" bottomTitle="{nav}" refText="{topic}2.18" showInNav="no" />
    <page slideID="t01p024" navMenuTitle="Heating System Components" screenTitle="{nav}" bottomTitle="{nav}" refText="{topic}2.18" showInNav="no" />
    <page slideID="t01p300" navMenuTitle="Objective 1" screenTitle="{nav}" bottomTitle="{nav}" refText="" showInNav="no" />
    <page slideID="t01p025" navMenuTitle="Cooling System Components" screenTitle="{nav}" bottomTitle="{nav}" refText="{topic}2.18" showInNav="no" />
    <page slideID="t01p026" navMenuTitle="Cooling System Components" screenTitle="{nav}" bottomTitle="{nav}" refText="{topic}2.18" showInNav="no" />
    <page slideID="t01p027" navMenuTitle="Cooling System Components" screenTitle="{nav}" bottomTitle="{nav}" refText="{topic}2.18" showInNav="no" />
    <page slideID="t01p028" navMenuTitle="Cooling System Components" screenTitle="{nav}" bottomTitle="{nav}" refText="{topic}2.18" showInNav="no" />
    <page slideID="t01p029" navMenuTitle="Cooling System Components" screenTitle="{nav}" bottomTitle="{nav}" refText="{topic}2.18" showInNav="no" />
    <page slideID="t01p030" navMenuTitle="Cooling System Components" screenTitle="{nav}" bottomTitle="{nav}" refText="{topic}2.18" showInNav="no" />
    <page slideID="t01p031" navMenuTitle="Cooling System Components" screenTitle="{nav}" bottomTitle="{nav}" refText="{topic}2.18" showInNav="no" />
    <page slideID="t01p032" navMenuTitle="Cooling System Components" screenTitle="{nav}" bottomTitle="{nav}" refText="{topic}2.18" showInNav="no" />
    <page slideID="t01p033" navMenuTitle="Cooling System Components" screenTitle="{nav}" bottomTitle="{nav}" refText="{topic}2.18" showInNav="no" />
    <page slideID="t01p034" navMenuTitle="Cooling System Components" screenTitle="{nav}" bottomTitle="{nav}" refText="{topic}2.18" showInNav="no" />
    <page slideID="t01p035" navMenuTitle="Cooling System Components" screenTitle="{nav}" bottomTitle="{nav}" refText="{topic}2.18" showInNav="no" />
    <page slideID="t01p036" navMenuTitle="Objective 2" screenTitle="{nav}" bottomTitle="{nav}" refText="" showInNav="no" />
    <page slideID="t01p037" navMenuTitle="Heating and Cooling Systems" screenTitle="{nav}" bottomTitle="{nav}" refText="" showInNav="no" />
    <page slideID="t01p038" navMenuTitle="Heating and Cooling Systems" screenTitle="{nav}" bottomTitle="{nav}" refText="" showInNav="no" />
    <page slideID="t01p039" navMenuTitle="Bleed Air Valve Switches 1.1" screenTitle="{nav}" bottomTitle="{nav}" refText="NATOPS: 2.18.1" showInNav="no" />
    <page slideID="t01p040" navMenuTitle="Bleed Air Valve Switches 1.1" screenTitle="{nav}" bottomTitle="{nav}" refText="NATOPS: 2.18.1" showInNav="no" />
    <page slideID="t01p041_rpt" navMenuTitle="Bleed Air Valve Switches 1.1" screenTitle="{nav}" bottomTitle="{nav}" refText="NATOPS: 2.18.1" showInNav="no" />
    <page slideID="t01p042_rpt" navMenuTitle="Bleed Air Valve Switches 1.1" screenTitle="{nav}" bottomTitle="{nav}" refText="NATOPS: 2.18.1" showInNav="no" />
    <page slideID="t01p350" navMenuTitle="Objective 2" screenTitle="{nav}" bottomTitle="{nav}" refText="" showInNav="no" />
    <page slideID="t01p043" navMenuTitle="Heating and Cooling Systems Controls" screenTitle="{nav}" bottomTitle="{nav}" refText="{topic}2.18" showInNav="no" />
    <page slideID="t01p044" navMenuTitle="Heating and Cooling Systems Controls" screenTitle="{nav}" bottomTitle="{nav}" refText="{topic}2.18" showInNav="no" />
    <page slideID="t01p045" navMenuTitle="Heating and Cooling Systems Controls" screenTitle="{nav}" bottomTitle="{nav}" refText="{topic}2.18" showInNav="no" />
    <page slideID="t01p046" navMenuTitle="Heating and Cooling Systems Controls" screenTitle="{nav}" bottomTitle="{nav}" refText="{topic}2.18" showInNav="no" />
    <page slideID="t01p047" navMenuTitle="Heating and Cooling Systems Controls" screenTitle="{nav}" bottomTitle="{nav}" refText="{topic}2.18" showInNav="no" />
    <page slideID="t01p048" navMenuTitle="Heating and Cooling Systems Controls" screenTitle="{nav}" bottomTitle="{nav}" refText="{topic}2.18" showInNav="no" />
    <page slideID="t01p049" navMenuTitle="Heating and Cooling Systems Controls" screenTitle="{nav}" bottomTitle="{nav}" refText="{topic}2.18" showInNav="no" />
    <page slideID="t01p050" navMenuTitle="Electric Heater Lockout" screenTitle="{nav}" bottomTitle="{nav}" refText="{topic}2.20.2" showInNav="no" />
    <page slideID="t01p051" navMenuTitle="Flow Control Unit" screenTitle="{nav}" bottomTitle="{nav}" refText="{topic}2.18.6" showInNav="no" />
    <page slideID="t01p052" navMenuTitle="Flow Control Unit" screenTitle="{nav}" bottomTitle="{nav}" refText="{topic}2.18.6" showInNav="no" />
    <page slideID="t01p053" navMenuTitle="Pressurization Control System Operation" screenTitle="{nav}" bottomTitle="{nav}" refText="{topic}2.18.9.5" showInNav="no" />
    <page slideID="t01p054" navMenuTitle="Pressurization Control System Operation" screenTitle="{nav}" bottomTitle="{nav}" refText="{topic}2.18.9.5" showInNav="no" />
    <page slideID="t01p055_rpt" navMenuTitle="Pressurization Control System Operation" screenTitle="{nav}" bottomTitle="{nav}" refText="{topic}2.18.9.5" showInNav="no" />
    <page slideID="t01p056" navMenuTitle="Pressurization Control System Operation" screenTitle="{nav}" bottomTitle="{nav}" refText="{topic}2.18.9.5" showInNav="no" />
    <page slideID="t01p057" navMenuTitle="Pressurization Control System Operation" screenTitle="{nav}" bottomTitle="{nav}" refText="{topic}2.18.9.5" showInNav="no" />
    <page slideID="t01p058" navMenuTitle="Pressurization Control System Operation" screenTitle="{nav}" bottomTitle="{nav}" refText="{topic}2.18.9.5" showInNav="no" />
    <page slideID="t01p059_rpt" navMenuTitle="Pressurization Control System Operation" screenTitle="{nav}" bottomTitle="{nav}" refText="{topic}2.18.9.5" showInNav="no" />
    <page slideID="t01p060" navMenuTitle="Objective 6" screenTitle="{nav}" bottomTitle="{nav}" refText="" showInNav="no" />
    <page slideID="t01p061" navMenuTitle="Anti-ice/Deice System" screenTitle="{nav}" bottomTitle="{nav}" refText="" showInNav="no" />
    <page slideID="t01p062_i" navMenuTitle="Anti-ice/Deice System" screenTitle="{nav}" bottomTitle="{nav}" refText="" showInNav="no">
      <branch branchID="a">
        <page slideID="t01p062a01" navMenuTitle="Anti-ice/Deice System" screenTitle="{nav}" bottomTitle="{nav}" refText="" showInNav="no" />
      </branch>
      <branch branchID="b">
        <page slideID="t01p062b01" navMenuTitle="Anti-ice/Deice System" screenTitle="{nav}" bottomTitle="{nav}" refText="" showInNav="no" />
      </branch>
      <branch branchID="c">
        <page slideID="t01p062c01" navMenuTitle="Anti-ice/Deice System" screenTitle="{nav}" bottomTitle="{nav}" refText="" showInNav="no" />
      </branch>
      <branch branchID="d">
        <page slideID="t01p062d01" navMenuTitle="Anti-ice/Deice System" screenTitle="{nav}" bottomTitle="{nav}" refText="" showInNav="no" />
        <page slideID="t01p062d02" navMenuTitle="Anti-ice/Deice System" screenTitle="{nav}" bottomTitle="{nav}" refText="" showInNav="no" />
        <page slideID="t01p062d03" navMenuTitle="Anti-ice/Deice System" screenTitle="{nav}" bottomTitle="{nav}" refText="" showInNav="no" />
      </branch>
      <branch branchID="e">
        <page slideID="t01p062e01" navMenuTitle="Anti-ice/Deice System" screenTitle="{nav}" bottomTitle="{nav}" refText="" showInNav="no" />
      </branch>
      <branch branchID="f">
        <page slideID="t01p062f01" navMenuTitle="Anti-ice/Deice System" screenTitle="{nav}" bottomTitle="{nav}" refText="" showInNav="no" />
        <page slideID="t01p062f02" navMenuTitle="Anti-ice/Deice System" screenTitle="{nav}" bottomTitle="{nav}" refText="" showInNav="no" />
        <page slideID="t01p062f03" navMenuTitle="Anti-ice/Deice System" screenTitle="{nav}" bottomTitle="{nav}" refText="" showInNav="no" />
      </branch>
      <branch branchID="g">
        <page slideID="t01p062g01" navMenuTitle="Anti-ice/Deice System" screenTitle="{nav}" bottomTitle="{nav}" refText="" showInNav="no" />
        <page slideID="t01p062g02" navMenuTitle="Anti-ice/Deice System" screenTitle="{nav}" bottomTitle="{nav}" refText="" showInNav="no" />
      </branch>
    </page>
    <page slideID="t01p400" navMenuTitle="Objective 6" screenTitle="{nav}" bottomTitle="{nav}" refText="" showInNav="no" />
    <page slideID="t01p063" navMenuTitle="Power Plant Ice Protection System" screenTitle="{nav}" bottomTitle="{nav}" refText="{topic}2.20.3" showInNav="no" />
    <page slideID="t01p064" navMenuTitle="Power Plant Ice Protection System" screenTitle="{nav}" bottomTitle="{nav}" refText="{topic}2.20.3" showInNav="no" />
    <page slideID="t01p065" navMenuTitle="Power Plant Ice Protection System" screenTitle="{nav}" bottomTitle="{nav}" refText="{topic}2.20.3" showInNav="no" />
    <page slideID="t01p066_rpt" navMenuTitle="Power Plant Ice Protection System" screenTitle="{nav}" bottomTitle="{nav}" refText="{topic}2.20.3" showInNav="no" />
    <page slideID="t01p067_rpt" navMenuTitle="Power Plant Ice Protection System" screenTitle="{nav}" bottomTitle="{nav}" refText="{topic}2.20.3" showInNav="no" />
    <page slideID="t01p068" navMenuTitle="Power Plant Ice Protection System" screenTitle="{nav}" bottomTitle="{nav}" refText="{topic}2.20.3" showInNav="no" />
    <page slideID="t01p069_rpt" navMenuTitle="Power Plant Ice Protection System" screenTitle="{nav}" bottomTitle="{nav}" refText="{topic}2.20.3" showInNav="no" />
    <page slideID="t01p450" navMenuTitle="Objective 6" screenTitle="{nav}" bottomTitle="{nav}" refText="" showInNav="no" />
    <page slideID="t01p070" navMenuTitle="Windshield Anti-ice" screenTitle="{nav}" bottomTitle="{nav}" refText="{topic}2.20.2" showInNav="no" />
    <page slideID="t01p071" navMenuTitle="Windshield Anti-ice" screenTitle="{nav}" bottomTitle="{nav}" refText="{topic}2.20.2" showInNav="no" />
    <page slideID="t01p072" navMenuTitle="Windshield Anti-ice" screenTitle="{nav}" bottomTitle="{nav}" refText="{topic}2.20.2" showInNav="no" />
    <page slideID="t01p073" navMenuTitle="Windshield Anti-ice" screenTitle="{nav}" bottomTitle="{nav}" refText="{topic}2.20.2" showInNav="no" />
    <page slideID="t01p500" navMenuTitle="Objective 6" screenTitle="{nav}" bottomTitle="{nav}" refText="" showInNav="no" />
    <page slideID="t01p074" navMenuTitle="Fuel System Anti-ice" screenTitle="{nav}" bottomTitle="{nav}" refText="{topic}2.20.4" showInNav="no" />
    <page slideID="t01p075" navMenuTitle="Fuel System Anti-ice" screenTitle="{nav}" bottomTitle="{nav}" refText="{topic}2.20.4" showInNav="no" />
    <page slideID="t01p076" navMenuTitle="Fuel System Anti-ice" screenTitle="{nav}" bottomTitle="{nav}" refText="{topic}2.20.4" showInNav="no" />
    <page slideID="t01p077" navMenuTitle="Fuel System Anti-ice" screenTitle="{nav}" bottomTitle="{nav}" refText="{topic}2.20.4" showInNav="no" />
    <page slideID="t01p078" navMenuTitle="Fuel System Anti-ice" screenTitle="{nav}" bottomTitle="{nav}" refText="{topic}2.20.4" showInNav="no" />
    <page slideID="t01p079" navMenuTitle="Fuel System Anti-ice" screenTitle="{nav}" bottomTitle="{nav}" refText="{topic}2.20.4" showInNav="no" />
    <page slideID="t01p550" navMenuTitle="Objective 6" screenTitle="{nav}" bottomTitle="{nav}" refText="" showInNav="no" />
    <page slideID="t01p080" navMenuTitle="Propeller Deicer System" screenTitle="{nav}" bottomTitle="{nav}" refText="{topic}2.20.6" showInNav="no" />
    <page slideID="t01p081" navMenuTitle="Propeller Deicer System" screenTitle="{nav}" bottomTitle="{nav}" refText="{topic}2.20.6" showInNav="no" />
    <page slideID="t01p082" navMenuTitle="Propeller Deicer System" screenTitle="{nav}" bottomTitle="{nav}" refText="{topic}2.20.6" showInNav="no" />
    <page slideID="t01p083" navMenuTitle="Propeller Deicer System" screenTitle="{nav}" bottomTitle="{nav}" refText="{topic}2.20.6" showInNav="no" />
    <page slideID="t01p084" navMenuTitle="Propeller Deicer System" screenTitle="{nav}" bottomTitle="{nav}" refText="{topic}2.20.6" showInNav="no" />
    <page slideID="t01p085" navMenuTitle="Propeller Deicer System" screenTitle="{nav}" bottomTitle="{nav}" refText="{topic}2.20.6" showInNav="no" />
    <page slideID="t01p086" navMenuTitle="Propeller Deicer System" screenTitle="{nav}" bottomTitle="{nav}" refText="{topic}2.20.6" showInNav="no" />
    <page slideID="t01p087" navMenuTitle="Propeller Deicer System" screenTitle="{nav}" bottomTitle="{nav}" refText="{topic}2.20.6" showInNav="no" />
    <page slideID="t01p088" navMenuTitle="Propeller Deicer System" screenTitle="{nav}" bottomTitle="{nav}" refText="{topic}2.20.6" showInNav="no" />
    <page slideID="t01p089" navMenuTitle="Propeller Deicer System" screenTitle="{nav}" bottomTitle="{nav}" refText="{topic}2.20.6" showInNav="no" />
    <page slideID="t01p090" navMenuTitle="Propeller Deicer System" screenTitle="{nav}" bottomTitle="{nav}" refText="{topic}2.20.6" showInNav="no" />
    <page slideID="t01p091" navMenuTitle="Propeller Deicer System" screenTitle="{nav}" bottomTitle="{nav}" refText="{topic}2.20.6" showInNav="no" />
    <page slideID="t01p600" navMenuTitle="Objective 6" screenTitle="{nav}" bottomTitle="{nav}" refText="" showInNav="no" />
    <page slideID="t01p092" navMenuTitle="Surface Deicer System" screenTitle="{nav}" bottomTitle="{nav}" refText="" showInNav="no" />
    <page slideID="t01p093" navMenuTitle="Surface Deicer System" screenTitle="{nav}" bottomTitle="{nav}" refText="" showInNav="no" />
    <page slideID="t01p094" navMenuTitle="Surface Deicer System" screenTitle="{nav}" bottomTitle="{nav}" refText="" showInNav="no" />
    <page slideID="t01p095" navMenuTitle="Surface Deicer System" screenTitle="{nav}" bottomTitle="{nav}" refText="" showInNav="no" />
    <page slideID="t01p096" navMenuTitle="Surface Deicer System" screenTitle="{nav}" bottomTitle="{nav}" refText="" showInNav="no" />
    <page slideID="t01p097" navMenuTitle="Surface Deicer System" screenTitle="{nav}" bottomTitle="{nav}" refText="" showInNav="no" />
    <page slideID="t01p650" navMenuTitle="Objective 7" screenTitle="{nav}" bottomTitle="{nav}" refText="" showInNav="no" />
    <page slideID="t01p106" navMenuTitle="Oxygen System Components" screenTitle="{nav}" bottomTitle="{nav}" refText="{topic}2.19.1" showInNav="no" />
    <page slideID="t01p107" navMenuTitle="Oxygen System Components" screenTitle="{nav}" bottomTitle="{nav}" refText="{topic}2.19.1" showInNav="no" />
    <page slideID="t01p108" navMenuTitle="Oxygen System Components" screenTitle="{nav}" bottomTitle="{nav}" refText="{topic}2.19.1" showInNav="no" />
    <page slideID="t01p109" navMenuTitle="Oxygen System Components" screenTitle="{nav}" bottomTitle="{nav}" refText="{topic}2.19.1" showInNav="no" />
    <page slideID="t01p110" navMenuTitle="Oxygen System Components" screenTitle="{nav}" bottomTitle="{nav}" refText="{topic}2.19.1" showInNav="no" />
    <page slideID="t01p111" navMenuTitle="Standby Compass" screenTitle="{nav}" bottomTitle="{nav}" refText="{topic}2.15.5.1" showInNav="no" />
    <page slideID="t01p112" navMenuTitle="Review Questions" screenTitle="" bottomTitle="Pressurization Control System" refText="" showInNav="no" />
    <page slideID="t01p113" navMenuTitle="Review Questions" screenTitle="" bottomTitle="Pressurization Control System" refText="" showInNav="no" />
    <page slideID="t01p114" navMenuTitle="Review Questions" screenTitle="" bottomTitle="Pressurization Control System Components" refText="" showInNav="no" />
    <page slideID="t01p115" navMenuTitle="Review Questions" screenTitle="" bottomTitle="Pressurization Control System Components" refText="" showInNav="no" />
    <page slideID="t01p116" navMenuTitle="Review Questions" screenTitle="" bottomTitle="Pressurization Control System Components" refText="" showInNav="no" />
    <page slideID="t01p117" navMenuTitle="Review Questions" screenTitle="" bottomTitle="Pressurization Control System Components" refText="" showInNav="no" />
    <page slideID="t01p118" navMenuTitle="Review Questions" screenTitle="" bottomTitle="Pressurization Control System Operation" refText="" showInNav="no" />
    <page slideID="t01p119" navMenuTitle="Review Questions" screenTitle="" bottomTitle="Pressurization Control System Operation" refText="" showInNav="no" />
    <page slideID="t01p120" navMenuTitle="Review Questions" screenTitle="" bottomTitle="Heating/Cooling Systems Components" refText="" showInNav="no" />
    <page slideID="t01p121" navMenuTitle="Review Questions" screenTitle="" bottomTitle="Heating/Cooling Systems Components" refText="" showInNav="no" />
    <page slideID="t01p122" navMenuTitle="Review Questions" screenTitle="" bottomTitle="Heating/Cooling Systems Operation" refText="" showInNav="no" />
    <page slideID="t01p123" navMenuTitle="Review Questions" screenTitle="" bottomTitle="Heating/Cooling Systems Operation" refText="" showInNav="no" />
    <page slideID="t01p124" navMenuTitle="Review Questions" screenTitle="" bottomTitle="Electric Heater Lockout" refText="" showInNav="no" />
    <page slideID="t01p125" navMenuTitle="Review Questions" screenTitle="" bottomTitle="Electric Heater Lockout" refText="" showInNav="no" />
    <page slideID="t01p126" navMenuTitle="Review Questions" screenTitle="" bottomTitle="Oxygen System" refText="" showInNav="no" />
    <page slideID="t01p127" navMenuTitle="Review Questions" screenTitle="" bottomTitle="Oxygen System" refText="" showInNav="no" />
    <page slideID="t01p128" navMenuTitle="Review Questions" screenTitle="" bottomTitle="Anti-ice/Deice Systems Operation" refText="" showInNav="no" />
    <page slideID="t01p129" navMenuTitle="Review Questions" screenTitle="" bottomTitle="Anti-ice/Deice Systems Operation" refText="" showInNav="no" />
    <page slideID="t01p130" navMenuTitle="Review Questions" screenTitle="" bottomTitle="Anti-ice/Deice Systems Operation" refText="" showInNav="no" />
    <page slideID="t01p131" navMenuTitle="Review Questions" screenTitle="" bottomTitle="Standby Compass" refText="" showInNav="no" />
    <page slideID="t01p132" navMenuTitle="Review Questions" screenTitle="" bottomTitle="Standby Compass" refText="" showInNav="no" />
  </topic>
  <topic topicID="t02" slideNumStart="144" mainMenuTitle="Pressurization System" navMenuTitle="{tmain}" bottomTitle="Pressurization System" refText="" showInNav="yes" showNavChildren="no">
    <page slideID="t02p001" navMenuTitle="Pressurization System" screenTitle="{nav}" bottomTitle="{nav}" refText="" showInNav="no" />
    <page slideID="t02p002" navMenuTitle="Pressurization System" screenTitle="{nav}" bottomTitle="{nav}" refText="" showInNav="no" />
    <page slideID="t02p003_rpt" navMenuTitle="Pressurization System" screenTitle="{nav}" bottomTitle="{nav}" refText="" showInNav="no" />
    <page slideID="t02p005" navMenuTitle="Pressurization System" screenTitle="{nav}" bottomTitle="{nav}" refText="" showInNav="no" />
  </topic>
  <topic topicID="t03" slideNumStart="148" mainMenuTitle="Heating and Cooling System" navMenuTitle="{tmain}" bottomTitle="{tmain}" refText="NATOPS: Section " showInNav="yes" showNavChildren="no">
    <page slideID="t03p001" navMenuTitle="Heating and Cooling Systems" screenTitle="{nav}" bottomTitle="{nav}" refText="" showInNav="no" />
    <page slideID="t03p002" navMenuTitle="Heating and Cooling Systems" screenTitle="{nav}" bottomTitle="{nav}" refText="" showInNav="no" />
    <page slideID="t03p003" navMenuTitle="Bleed Air Valve Switches 1.1" screenTitle="{nav}" bottomTitle="{nav}" refText="NATOPS: 2.18.1" showInNav="no" />
    <page slideID="t03p004" navMenuTitle="Heating and Cooling Systems" screenTitle="{nav}" bottomTitle="{nav}" refText="{topic}2.18" showInNav="no" />
    <page slideID="t03p005_rpt" navMenuTitle="Heating and Cooling Systems" screenTitle="{nav}" bottomTitle="{nav}" refText="{topic}2.18" showInNav="no" />
    <page slideID="t03p006_rpt" navMenuTitle="Heating and Cooling Systems" screenTitle="{nav}" bottomTitle="{nav}" refText="{topic}2.18" showInNav="no" />
  </topic>
  <topic topicID="t04" slideNumStart="154" mainMenuTitle="Pneumatic and Vacuum Air Supply" navMenuTitle="{tmain}" bottomTitle="Pneu. &amp; Vac. Air Supply" refText="" showInNav="yes" showNavChildren="no">
    <page slideID="t04p001" navMenuTitle="Pneumatic and Vacuum Air Supply" screenTitle="{nav}" bottomTitle="{nav}" refText="" showInNav="no" />
    <page slideID="t04p002" navMenuTitle="Pneumatic and Vacuum Air Supply" screenTitle="{nav}" bottomTitle="{nav}" refText="" showInNav="no" />
  </topic>
  <topic topicID="t05" slideNumStart="156" mainMenuTitle="Oxygen Supply System" navMenuTitle="{tmain}" bottomTitle="{tmain}" refText="" showInNav="yes" showNavChildren="no">
    <page slideID="t05p001" navMenuTitle="Oxygen Supply System" screenTitle="{nav}" bottomTitle="{nav}" refText="" showInNav="no" />
    <page slideID="t05p002" navMenuTitle="Oxygen Supply System" screenTitle="{nav}" bottomTitle="{nav}" refText="" showInNav="no" />
    <page slideID="t05p003" navMenuTitle="Oxygen Supply System" screenTitle="{nav}" bottomTitle="{nav}" refText="" showInNav="no" />
    <page slideID="t05p004" navMenuTitle="Oxygen Supply System" screenTitle="{nav}" bottomTitle="{nav}" refText="" showInNav="no" />
    <page slideID="t05p005" navMenuTitle="Oxygen Supply System" screenTitle="{nav}" bottomTitle="{nav}" refText="" showInNav="no" />
    <page slideID="t05p006" navMenuTitle="Oxygen Supply System" screenTitle="{nav}" bottomTitle="{nav}" refText="" showInNav="no" />
    <page slideID="t05p007" navMenuTitle="Oxygen Supply System" screenTitle="{nav}" bottomTitle="{nav}" refText="" showInNav="no" />
  </topic>
  <topic topicID="t06" slideNumStart="163" mainMenuTitle="Anti-ice and Deice Systems" navMenuTitle="{tmain}" bottomTitle="{tmain}" refText="" showInNav="yes" showNavChildren="no">
    <page slideID="t06p001" navMenuTitle="Anti-ice/Deice System" screenTitle="{nav}" bottomTitle="{nav}" refText="" showInNav="no" />
    <page slideID="t06p002_i" navMenuTitle="Anti-ice/Deice System" screenTitle="{nav}" bottomTitle="{nav}" refText="" showInNav="no">
      <branch branchID="a">
        <page slideID="t06p002a01" navMenuTitle="Anti-ice/Deice System" screenTitle="{nav}" bottomTitle="{nav}" refText="" showInNav="no" />
      </branch>
      <branch branchID="b">
        <page slideID="t06p002b01" navMenuTitle="Anti-ice/Deice System" screenTitle="{nav}" bottomTitle="{nav}" refText="" showInNav="no" />
      </branch>
      <branch branchID="c">
        <page slideID="t06p002c01" navMenuTitle="Anti-ice/Deice System" screenTitle="{nav}" bottomTitle="{nav}" refText="" showInNav="no" />
      </branch>
      <branch branchID="d">
        <page slideID="t06p002d01" navMenuTitle="Anti-ice/Deice System" screenTitle="{nav}" bottomTitle="{nav}" refText="" showInNav="no" />
        <page slideID="t06p002d02" navMenuTitle="Anti-ice/Deice System" screenTitle="{nav}" bottomTitle="{nav}" refText="" showInNav="no" />
        <page slideID="t06p002d03" navMenuTitle="Anti-ice/Deice System" screenTitle="{nav}" bottomTitle="{nav}" refText="" showInNav="no" />
      </branch>
      <branch branchID="e">
        <page slideID="t06p002e01" navMenuTitle="Anti-ice/Deice System" screenTitle="{nav}" bottomTitle="{nav}" refText="" showInNav="no" />
      </branch>
      <branch branchID="f">
        <page slideID="t06p002f01" navMenuTitle="Anti-ice/Deice System" screenTitle="{nav}" bottomTitle="{nav}" refText="" showInNav="no" />
        <page slideID="t06p002f02" navMenuTitle="Anti-ice/Deice System" screenTitle="{nav}" bottomTitle="{nav}" refText="" showInNav="no" />
        <page slideID="t06p002f03" navMenuTitle="Anti-ice/Deice System" screenTitle="{nav}" bottomTitle="{nav}" refText="" showInNav="no" />
      </branch>
      <branch branchID="g">
        <page slideID="t06p002g01" navMenuTitle="Anti-ice/Deice System" screenTitle="{nav}" bottomTitle="{nav}" refText="" showInNav="no" />
        <page slideID="t06p002g02" navMenuTitle="Anti-ice/Deice System" screenTitle="{nav}" bottomTitle="{nav}" refText="" showInNav="no" />
      </branch>
    </page>
  </topic>
</lesson>