<?xml version="1.0" encoding="UTF-8" standalone="no"?>

<manifest identifier="MIL_T-44C" version="1.3"
	  xmlns="http://www.imsglobal.org/xsd/imscp_v1p1"
	  xmlns:xsi="http://www.w3.org/2001/XMLSchema-instance"
	  xmlns:adlcp="http://www.adlnet.org/xsd/adlcp_v1p3"
	  xmlns:adlseq="http://www.adlnet.org/xsd/adlseq_v1p3"
	  xmlns:adlnav="http://www.adlnet.org/xsd/adlnav_v1p3"
	  xmlns:imsss="http://www.imsglobal.org/xsd/imsss"
	  xsi:schemaLocation="http://www.imsglobal.org/xsd/imscp_v1p1 imscp_v1p1.xsd
						  http://www.adlnet.org/xsd/adlcp_v1p3 adlcp_v1p3.xsd
						  http://www.adlnet.org/xsd/adlseq_v1p3 adlseq_v1p3.xsd
						  http://www.adlnet.org/xsd/adlnav_v1p3 adlnav_v1p3.xsd
						  http://www.imsglobal.org/xsd/imsss imsss_v1p0.xsd">

	<metadata>
		<schema>ADL SCORM</schema>
		<schemaversion>2004 4th Edition</schemaversion>
		<adlcp:location>metadata.xml</adlcp:location>
	</metadata>
	
	
	<organizations default="MIL_T-44C_ORG">
		<organization identifier="MIL_T-44C_ORG">
			<!--****** Title ******-->
			<title>T-44C</title>
			<item identifier="MIL_T-44C– CProp" identifierref="MIL_T-44C– CProp_RES" isvisible="true">
				<!--****** Title ******-->
				<title>CProp</title>
				<metadata>
					<lom xmlns="http://ltsc.ieee.org/xsd/LOM" xmlns:xsi="http://www.w3.org/2001/XMLSchema-instance" xsi:schemaLocation="http://ltsc.ieee.org/xsd/LOM lom.xsd">
						<general>
							<description>
				  				<string language="en-us">Course Description.</string> 
				  			</description>
						</general>
					</lom>
				</metadata>
				<imsss:sequencing>
				<imsss:objectives>
					        <imsss:primaryObjective objectiveID="Quiz_2013591081"/>
				</imsss:objectives>
					<imsss:deliveryControls tracked="true" completionSetByContent="true" objectiveSetByContent="true"/>
				</imsss:sequencing>
			</item>
			<metadata>
				<adlcp:location>metadata.xml</adlcp:location>
			</metadata>			
	<imsss:sequencing>
				<imsss:controlMode choice="true" flow="true"/>
                <imsss:rollupRules>
                    <imsss:rollupRule childActivitySet="all">
                        <imsss:rollupConditions>
                            <imsss:rollupCondition condition="satisfied"/>
                        </imsss:rollupConditions>
                        <imsss:rollupAction action="satisfied"/>
                    </imsss:rollupRule>
                    <imsss:rollupRule childActivitySet="all">
                        <imsss:rollupConditions>
                            <imsss:rollupCondition operator="not" condition="satisfied"/>
                        </imsss:rollupConditions>
                        <imsss:rollupAction action="notSatisfied"/>
                    </imsss:rollupRule>
                    <imsss:rollupRule childActivitySet="all">
                        <imsss:rollupConditions>
                            <imsss:rollupCondition condition="completed"/>
                        </imsss:rollupConditions>
                        <imsss:rollupAction action="completed"/>
                    </imsss:rollupRule>
                    <imsss:rollupRule childActivitySet="all">
                        <imsss:rollupConditions>
                            <imsss:rollupCondition operator="not" condition="completed"/>
                        </imsss:rollupConditions>
                        <imsss:rollupAction action="incomplete"/>
                    </imsss:rollupRule>
                </imsss:rollupRules>
			</imsss:sequencing>
		</organization>
	</organizations>
	<resources>
		<resource adlcp:scormType="sco" identifier="MIL_T-44C– CProp_RES" type="webcontent" href="index_scorm.html">
			<metadata>
				<adlcp:location>metadata.xml</adlcp:location>
			</metadata>
			
			<file href="ar/Mouse.mp3"></file>
			<file href="index_scorm.html"></file>
			<file href="scormdriver.js"/>
			<file href="browsersniff.js"/>
			
<file href="assets/TOC_icons/collapseIcon.png"/> 
<file href="assets/TOC_icons/expandIcon.png"/> 
<file href="assets/TOC_icons/photo.png"/> 
<file href="assets/css/CPLibraryAll.css"/> 
<file href="assets/css/font/fonts/font.css"/> 
<file href="assets/css/font/fonts/raavi.eot"/> 
<file href="assets/css/font/fonts/raavi.otf"/> 
<file href="assets/css/font/fonts/raavi.svg"/> 
<file href="assets/css/font/fonts/raavi.ttf"/> 
<file href="assets/css/font/fonts/raavi.woff"/> 
<file href="assets/css/font/fonts/raavi.woff2"/> 
<file href="assets/css/start/images/animated-overlay.gif"/> 
<file href="assets/css/start/images/ui-bg_flat_55_999999_40x100.png"/> 
<file href="assets/css/start/images/ui-bg_flat_75_aaaaaa_40x100.png"/> 
<file href="assets/css/start/images/ui-bg_glass_45_0078ae_1x400.png"/> 
<file href="assets/css/start/images/ui-bg_glass_55_f8da4e_1x400.png"/> 
<file href="assets/css/start/images/ui-bg_glass_75_79c9ec_1x400.png"/> 
<file href="assets/css/start/images/ui-bg_gloss-wave_45_e14f1c_500x100.png"/> 
<file href="assets/css/start/images/ui-bg_gloss-wave_50_6eac2c_500x100.png"/> 
<file href="assets/css/start/images/ui-bg_gloss-wave_75_2191c0_500x100.png"/> 
<file href="assets/css/start/images/ui-bg_inset-hard_100_fcfdfd_1x100.png"/> 
<file href="assets/css/start/images/ui-icons_0078ae_256x240.png"/> 
<file href="assets/css/start/images/ui-icons_056b93_256x240.png"/> 
<file href="assets/css/start/images/ui-icons_d8e7f3_256x240.png"/> 
<file href="assets/css/start/images/ui-icons_e0fdff_256x240.png"/> 
<file href="assets/css/start/images/ui-icons_f5e175_256x240.png"/> 
<file href="assets/css/start/images/ui-icons_f7a50d_256x240.png"/> 
<file href="assets/css/start/images/ui-icons_fcd113_256x240.png"/> 
<file href="assets/css/start/jquery-ui-1.11.4.custom.css"/> 
<file href="assets/css/start/jquery-ui-1.11.4.custom.min.css"/> 
<file href="assets/htmlimages/360_slide_OFF_Click.svg"/> 
<file href="assets/htmlimages/360_slide_OFF_Hover.svg"/> 
<file href="assets/htmlimages/360_slide_OFF_Normal.svg"/> 
<file href="assets/htmlimages/360_slide_ON_Click.svg"/> 
<file href="assets/htmlimages/360_slide_ON_Hover.svg"/> 
<file href="assets/htmlimages/360_slide_ON_normal.svg"/> 
<file href="assets/htmlimages/Answer_checkbox_correct.png"/> 
<file href="assets/htmlimages/Answer_checkbox_hover.png"/> 
<file href="assets/htmlimages/Answer_checkbox_incorrect.png"/> 
<file href="assets/htmlimages/Answer_checkbox_normal.png"/> 
<file href="assets/htmlimages/Answer_checkbox_select.png"/> 
<file href="assets/htmlimages/Answer_radio_correct.png"/> 
<file href="assets/htmlimages/Answer_radio_hover.png"/> 
<file href="assets/htmlimages/Answer_radio_incorrect.png"/> 
<file href="assets/htmlimages/Answer_radio_normal.png"/> 
<file href="assets/htmlimages/Answer_radio_select.png"/> 
<file href="assets/htmlimages/Graph.jpg"/> 
<file href="assets/htmlimages/HotspotDisplayImage.png"/> 
<file href="assets/htmlimages/HotspotDisplayText.png"/> 
<file href="assets/htmlimages/HotspotNavigation.png"/> 
<file href="assets/htmlimages/HotspotPlayAudio.png"/> 
<file href="assets/htmlimages/HotspotQuestionOverlays.png"/> 
<file href="assets/htmlimages/HotspotStaticActions.png"/> 
<file href="assets/htmlimages/Pause.gif"/> 
<file href="assets/htmlimages/Pause2x.gif"/> 
<file href="assets/htmlimages/Play.gif"/> 
<file href="assets/htmlimages/Play2x.gif"/> 
<file href="assets/htmlimages/Play_icon.png"/> 
<file href="assets/htmlimages/ThreeD_Close.svg"/> 
<file href="assets/htmlimages/ThreeD_HotspotDefaultGlow.png"/> 
<file href="assets/htmlimages/ThreeD_HotspotGlow.png"/> 
<file href="assets/htmlimages/ThreeD_Pause.svg"/> 
<file href="assets/htmlimages/ThreeD_Play.svg"/> 
<file href="assets/htmlimages/VR_menu_close_default@2x.png"/> 
<file href="assets/htmlimages/VR_menu_close_hover@2x.png"/> 
<file href="assets/htmlimages/VR_menu_close_select@2x.png"/> 
<file href="assets/htmlimages/VR_menu_default@2x.png"/> 
<file href="assets/htmlimages/VR_menu_hover@2x.png"/> 
<file href="assets/htmlimages/VR_menu_mute_default@2x.png"/> 
<file href="assets/htmlimages/VR_menu_mute_hover@2x.png"/> 
<file href="assets/htmlimages/VR_menu_mute_select@2x.png"/> 
<file href="assets/htmlimages/VR_menu_next_default@2x.png"/> 
<file href="assets/htmlimages/VR_menu_next_hover@2x.png"/> 
<file href="assets/htmlimages/VR_menu_next_select@2x.png"/> 
<file href="assets/htmlimages/VR_menu_pause_default@2x.png"/> 
<file href="assets/htmlimages/VR_menu_pause_hover@2x.png"/> 
<file href="assets/htmlimages/VR_menu_pause_select@2x.png"/> 
<file href="assets/htmlimages/VR_menu_play_default@2x.png"/> 
<file href="assets/htmlimages/VR_menu_play_hover@2x.png"/> 
<file href="assets/htmlimages/VR_menu_play_select@2x.png"/> 
<file href="assets/htmlimages/VR_menu_previous_default@2x.png"/> 
<file href="assets/htmlimages/VR_menu_previous_hover@2x.png"/> 
<file href="assets/htmlimages/VR_menu_previous_select@2x.png"/> 
<file href="assets/htmlimages/VR_menu_select@2x.png"/> 
<file href="assets/htmlimages/VR_move_left.png"/> 
<file href="assets/htmlimages/VR_move_right.png"/> 
<file href="assets/htmlimages/arrow_right.gif"/> 
<file href="assets/htmlimages/assessmenthotspotvisited.png"/> 
<file href="assets/htmlimages/assessmenthotspotvisited.svg"/> 
<file href="assets/htmlimages/assessmenthotspotvisited@2x.png"/> 
<file href="assets/htmlimages/ccClose.png"/> 
<file href="assets/htmlimages/checkBox_disabled.png"/> 
<file href="assets/htmlimages/checkBox_normal.png"/> 
<file href="assets/htmlimages/checkBox_selected.png"/> 
<file href="assets/htmlimages/checkBox_selectedDisabled.png"/> 
<file href="assets/htmlimages/checkboxchecked.png"/> 
<file href="assets/htmlimages/checkboxunchecked.png"/> 
<file href="assets/htmlimages/closeReviewButton.png"/> 
<file href="assets/htmlimages/correct_answer_normal.png"/> 
<file href="assets/htmlimages/correct_answer_small.png"/> 
<file href="assets/htmlimages/correct_question_normal.png"/> 
<file href="assets/htmlimages/correct_question_small.png"/> 
<file href="assets/htmlimages/dd_arrow.png"/> 
<file href="assets/htmlimages/expand_icon.png"/> 
<file href="assets/htmlimages/expand_icon@2x.png"/> 
<file href="assets/htmlimages/gesturemobileicon.png"/> 
<file href="assets/htmlimages/gesturemobileicon@2x.png"/> 
<file href="assets/htmlimages/gesturemobileimage2.png"/> 
<file href="assets/htmlimages/gesturemobilelandscape.png"/> 
<file href="assets/htmlimages/gesturetabletimage.png"/> 
<file href="assets/htmlimages/hotspot.gif"/> 
<file href="assets/htmlimages/hotspot_correct_answer_normal.png"/> 
<file href="assets/htmlimages/hotspot_incorrect_answer_normal.png"/> 
<file href="assets/htmlimages/img_trans.gif"/> 
<file href="assets/htmlimages/incorrect_answer_normal.png"/> 
<file href="assets/htmlimages/incorrect_answer_small.png"/> 
<file href="assets/htmlimages/incorrect_question_normal.png"/> 
<file href="assets/htmlimages/incorrect_question_small.png"/> 
<file href="assets/htmlimages/loader.gif"/> 
<file href="assets/htmlimages/loader_transparent.gif"/> 
<file href="assets/htmlimages/movieexpire.png"/> 
<file href="assets/htmlimages/partial_correct_question_normal.png"/> 
<file href="assets/htmlimages/partial_correct_question_small.png"/> 
<file href="assets/htmlimages/placeholder.png"/> 
<file href="assets/htmlimages/radioButton_disabled.png"/> 
<file href="assets/htmlimages/radioButton_normal.png"/> 
<file href="assets/htmlimages/radioButton_selected.png"/> 
<file href="assets/htmlimages/radioButton_selectedDisabled.png"/> 
<file href="assets/htmlimages/radiochecked.png"/> 
<file href="assets/htmlimages/radiounchecked.png"/> 
<file href="assets/htmlimages/sequenceReview.png"/> 
<file href="assets/htmlimages/skip_answer_normal.png"/> 
<file href="assets/htmlimages/skip_answer_small.png"/> 
<file href="assets/htmlimages/skip_question_normal.png"/> 
<file href="assets/htmlimages/skip_question_small.png"/> 
<file href="assets/htmlimages/toc.png"/> 
<file href="assets/htmlimages/vidbg.png"/> 
<file href="assets/htmlimages/vidfullscreen.png"/> 
<file href="assets/htmlimages/vidpause.png"/> 
<file href="assets/htmlimages/vidplay.png"/> 
<file href="assets/htmlimages/vidrewind.png"/> 
<file href="assets/htmlimages/vidslider.png"/> 
<file href="assets/htmlimages/vidstop.png"/> 
<file href="assets/htmlimages/vidvolume.png"/> 
<file href="assets/htmlimages/vidvolume2.png"/> 
<file href="assets/htmlimages/vidvolumemute.png"/> 
<file href="assets/js/CPM.js"/> 
<file href="assets/js/CPXHRLoader.js"/> 
<file href="assets/js/OpenAjaxManagedHub-all.js"/> 
<file href="assets/js/jquery-3.3.1.min.js"/> 
<file href="assets/toc/tocIcons/blankBookmark.png"/> 
<file href="assets/toc/tocIcons/clear.png"/> 
<file href="assets/toc/tocIcons/expander.png"/> 
<file href="assets/toc/tocIcons/fullBookmark.png"/> 
<file href="assets/toc/tocIcons/go.png"/> 
<file href="assets/toc/tocIcons/infoClose.png"/> 
<file href="assets/toc/tocIcons/moreinfo.png"/> 
<file href="assets/toc/tocIcons/searchBtnNormal.png"/> 
<file href="assets/toc/tocIcons/searchBtnSelect.png"/> 
<file href="assets/toc/tocIcons/visited.png"/> 
<file href="dr/img1.json"/> 
<file href="dr/img10.json"/> 
<file href="dr/img11.json"/> 
<file href="dr/img12.json"/> 
<file href="dr/img13.json"/> 
<file href="dr/img14.json"/> 
<file href="dr/img2.json"/> 
<file href="dr/img3.json"/> 
<file href="dr/img4.json"/> 
<file href="dr/img5.json"/> 
<file href="dr/img6.json"/> 
<file href="dr/img7.json"/> 
<file href="dr/img8.json"/> 
<file href="dr/img9.json"/> 
<file href="dr/imgmd.json"/> 
<file href="dr/loading.gif"/> 
<file href="goodbye.html"/> 
<file href="index_scorm.html"/> 
<file href="project.txt"/> 
<file href="vr/Vi10.mp4"/> 
<file href="vr/Vi12.mp4"/> 
<file href="vr/Vi14.mp4"/> 
<file href="vr/Vi16.mp4"/> 
<file href="vr/Vi2.mp4"/> 
<file href="vr/Vi4.mp4"/> 
<file href="vr/Vi6.mp4"/> 
<file href="vr/Vi8.mp4"/> 
<file href="wor/wo_135676/PosterImg_350.png"/> 
<file href="wor/wo_135676/images/IGR_Advancediagram.jpg"/> 
<file href="wor/wo_135676/images/Mesh.png"/> 
<file href="wor/wo_135676/images/Mesh_1.png"/> 
<file href="wor/wo_135676/images/Path.png"/> 
<file href="wor/wo_135676/images/Path_1.png"/> 
<file href="wor/wo_135676/images/_preloader.gif"/> 
<file href="wor/wo_135676/images/tgas7srs1max.png"/> 
<file href="wor/wo_135676/index.html"/> 
<file href="wor/wo_135676/index_oam.xml"/> 
<file href="wor/wo_135676/libs/createjs-2015.11.26.min.js"/> 
<file href="wor/wo_135705/PosterImg_714.png"/> 
<file href="wor/wo_135705/components/lib/jquery-2.2.4.min.js"/> 
<file href="wor/wo_135705/components/sdk/anwidget.js"/> 
<file href="wor/wo_135705/components/video/src/video.js"/> 
<file href="wor/wo_135705/images/IGR_Advancediagram.jpg"/> 
<file href="wor/wo_135705/images/Mesh.png"/> 
<file href="wor/wo_135705/images/Mesh_1.png"/> 
<file href="wor/wo_135705/images/Path.png"/> 
<file href="wor/wo_135705/images/Path_1.png"/> 
<file href="wor/wo_135705/images/_preloader.gif"/> 
<file href="wor/wo_135705/images/seq60001.png"/> 
<file href="wor/wo_135705/index.html"/> 
<file href="wor/wo_135705/index_oam.xml"/> 
<file href="wor/wo_135705/libs/createjs-2015.11.26.min.js"/> 
<file href="wor/wo_135705/videos/tgas7srs6 max.mp4"/> 
<file href="wor/wo_135715/PosterImg_995.png"/> 
<file href="wor/wo_135715/images/IGR_Advancediagram.jpg"/> 
<file href="wor/wo_135715/images/Mesh.png"/> 
<file href="wor/wo_135715/images/Mesh_1.png"/> 
<file href="wor/wo_135715/images/Path.png"/> 
<file href="wor/wo_135715/images/Path_1.png"/> 
<file href="wor/wo_135715/images/_preloader.gif"/> 
<file href="wor/wo_135715/images/seq60001pngcopy.png"/> 
<file href="wor/wo_135715/images/seq60002.png"/> 
<file href="wor/wo_135715/images/seq60003.png"/> 
<file href="wor/wo_135715/images/seq60004.png"/> 
<file href="wor/wo_135715/images/seq60005.png"/> 
<file href="wor/wo_135715/images/seq60006.png"/> 
<file href="wor/wo_135715/images/seq60007.png"/> 
<file href="wor/wo_135715/images/seq60008.png"/> 
<file href="wor/wo_135715/images/seq60009.png"/> 
<file href="wor/wo_135715/images/seq60010.png"/> 
<file href="wor/wo_135715/images/seq60011.png"/> 
<file href="wor/wo_135715/images/seq60012.png"/> 
<file href="wor/wo_135715/images/seq60013.png"/> 
<file href="wor/wo_135715/images/seq60014.png"/> 
<file href="wor/wo_135715/images/seq60015.png"/> 
<file href="wor/wo_135715/images/seq60016.png"/> 
<file href="wor/wo_135715/images/seq60017.png"/> 
<file href="wor/wo_135715/images/seq60018.png"/> 
<file href="wor/wo_135715/images/seq60019.png"/> 
<file href="wor/wo_135715/images/seq60020.png"/> 
<file href="wor/wo_135715/images/seq60021.png"/> 
<file href="wor/wo_135715/images/seq60022.png"/> 
<file href="wor/wo_135715/images/seq60023.png"/> 
<file href="wor/wo_135715/images/seq60024.png"/> 
<file href="wor/wo_135715/images/seq60025.png"/> 
<file href="wor/wo_135715/images/seq60026.png"/> 
<file href="wor/wo_135715/images/seq60027.png"/> 
<file href="wor/wo_135715/images/seq60028.png"/> 
<file href="wor/wo_135715/images/seq60029.png"/> 
<file href="wor/wo_135715/images/seq60030.png"/> 
<file href="wor/wo_135715/images/seq60031.png"/> 
<file href="wor/wo_135715/images/seq60032.png"/> 
<file href="wor/wo_135715/images/seq60033.png"/> 
<file href="wor/wo_135715/images/seq60034.png"/> 
<file href="wor/wo_135715/images/seq60035.png"/> 
<file href="wor/wo_135715/images/seq60036.png"/> 
<file href="wor/wo_135715/images/seq60037.png"/> 
<file href="wor/wo_135715/images/seq60038.png"/> 
<file href="wor/wo_135715/images/seq60039.png"/> 
<file href="wor/wo_135715/images/seq60040.png"/> 
<file href="wor/wo_135715/images/seq60041.png"/> 
<file href="wor/wo_135715/images/seq60042.png"/> 
<file href="wor/wo_135715/images/seq60043.png"/> 
<file href="wor/wo_135715/images/seq60044.png"/> 
<file href="wor/wo_135715/images/seq60045.png"/> 
<file href="wor/wo_135715/images/seq60046.png"/> 
<file href="wor/wo_135715/images/seq60047.png"/> 
<file href="wor/wo_135715/images/seq60048.png"/> 
<file href="wor/wo_135715/images/seq60049.png"/> 
<file href="wor/wo_135715/images/seq60050.png"/> 
<file href="wor/wo_135715/images/seq60051.png"/> 
<file href="wor/wo_135715/images/seq60052.png"/> 
<file href="wor/wo_135715/images/seq60053.png"/> 
<file href="wor/wo_135715/images/seq60054.png"/> 
<file href="wor/wo_135715/images/seq60055.png"/> 
<file href="wor/wo_135715/images/seq60056.png"/> 
<file href="wor/wo_135715/images/seq60057.png"/> 
<file href="wor/wo_135715/images/seq60058.png"/> 
<file href="wor/wo_135715/images/seq60059.png"/> 
<file href="wor/wo_135715/images/seq60060.png"/> 
<file href="wor/wo_135715/images/seq60061.png"/> 
<file href="wor/wo_135715/images/seq60062.png"/> 
<file href="wor/wo_135715/images/seq60063.png"/> 
<file href="wor/wo_135715/images/seq60064.png"/> 
<file href="wor/wo_135715/images/seq60065.png"/> 
<file href="wor/wo_135715/images/seq60066.png"/> 
<file href="wor/wo_135715/images/seq60067.png"/> 
<file href="wor/wo_135715/images/seq60068.png"/> 
<file href="wor/wo_135715/images/seq60069.png"/> 
<file href="wor/wo_135715/images/seq60070.png"/> 
<file href="wor/wo_135715/images/seq60071.png"/> 
<file href="wor/wo_135715/images/seq60072.png"/> 
<file href="wor/wo_135715/images/seq60073.png"/> 
<file href="wor/wo_135715/images/seq60074.png"/> 
<file href="wor/wo_135715/images/seq60075.png"/> 
<file href="wor/wo_135715/images/seq60076.png"/> 
<file href="wor/wo_135715/images/seq60077.png"/> 
<file href="wor/wo_135715/images/seq60078.png"/> 
<file href="wor/wo_135715/images/seq60079.png"/> 
<file href="wor/wo_135715/images/seq60080.png"/> 
<file href="wor/wo_135715/images/seq60081.png"/> 
<file href="wor/wo_135715/images/seq60082.png"/> 
<file href="wor/wo_135715/images/seq60083.png"/> 
<file href="wor/wo_135715/images/seq60084.png"/> 
<file href="wor/wo_135715/images/seq60085.png"/> 
<file href="wor/wo_135715/images/seq60086.png"/> 
<file href="wor/wo_135715/images/seq60087.png"/> 
<file href="wor/wo_135715/images/seq60088.png"/> 
<file href="wor/wo_135715/images/seq60089.png"/> 
<file href="wor/wo_135715/images/seq60090.png"/> 
<file href="wor/wo_135715/images/seq60091.png"/> 
<file href="wor/wo_135715/images/seq60092.png"/> 
<file href="wor/wo_135715/images/seq60093.png"/> 
<file href="wor/wo_135715/images/seq60094.png"/> 
<file href="wor/wo_135715/images/seq60095.png"/> 
<file href="wor/wo_135715/images/seq60096.png"/> 
<file href="wor/wo_135715/images/seq60097.png"/> 
<file href="wor/wo_135715/images/seq60098.png"/> 
<file href="wor/wo_135715/images/seq60099.png"/> 
<file href="wor/wo_135715/images/seq60100.png"/> 
<file href="wor/wo_135715/images/seq60101.png"/> 
<file href="wor/wo_135715/images/seq60102.png"/> 
<file href="wor/wo_135715/images/seq60103.png"/> 
<file href="wor/wo_135715/images/seq60104.png"/> 
<file href="wor/wo_135715/images/seq60105.png"/> 
<file href="wor/wo_135715/images/seq60106.png"/> 
<file href="wor/wo_135715/images/seq60107.png"/> 
<file href="wor/wo_135715/images/seq60108.png"/> 
<file href="wor/wo_135715/images/seq60109.png"/> 
<file href="wor/wo_135715/images/seq60110.png"/> 
<file href="wor/wo_135715/images/seq60111.png"/> 
<file href="wor/wo_135715/images/seq60112.png"/> 
<file href="wor/wo_135715/index.html"/> 
<file href="wor/wo_135715/index_oam.xml"/> 
<file href="wor/wo_135715/libs/createjs-2015.11.26.min.js"/> 
<file href="wor/wo_135731/PosterImg_817.png"/> 
<file href="wor/wo_135731/images/IGR_Advancediagram.jpg"/> 
<file href="wor/wo_135731/images/Mesh.png"/> 
<file href="wor/wo_135731/images/Mesh_1.png"/> 
<file href="wor/wo_135731/images/Path.png"/> 
<file href="wor/wo_135731/images/Path_1.png"/> 
<file href="wor/wo_135731/images/_preloader.gif"/> 
<file href="wor/wo_135731/images/panal.png"/> 
<file href="wor/wo_135731/index.html"/> 
<file href="wor/wo_135731/index_oam.xml"/> 
<file href="wor/wo_135731/libs/createjs-2015.11.26.min.js"/> 
<file href="wor/wo_135741/PosterImg_694.png"/> 
<file href="wor/wo_135741/images/IGR_Advancediagram.jpg"/> 
<file href="wor/wo_135741/images/Mesh.png"/> 
<file href="wor/wo_135741/images/Mesh_1.png"/> 
<file href="wor/wo_135741/images/Path.png"/> 
<file href="wor/wo_135741/images/Path_1.png"/> 
<file href="wor/wo_135741/images/_8srs4a0001.png"/> 
<file href="wor/wo_135741/images/_8srs4a0002.png"/> 
<file href="wor/wo_135741/images/_8srs4a0003.png"/> 
<file href="wor/wo_135741/images/_8srs4a0004.png"/> 
<file href="wor/wo_135741/images/_8srs4a0005.png"/> 
<file href="wor/wo_135741/images/_8srs4a0006.png"/> 
<file href="wor/wo_135741/images/_8srs4a0007.png"/> 
<file href="wor/wo_135741/images/_8srs4a0008.png"/> 
<file href="wor/wo_135741/images/_8srs4a0009.png"/> 
<file href="wor/wo_135741/images/_8srs4a0010.png"/> 
<file href="wor/wo_135741/images/_8srs4a0011.png"/> 
<file href="wor/wo_135741/images/_8srs4a0012.png"/> 
<file href="wor/wo_135741/images/_8srs4a0013.png"/> 
<file href="wor/wo_135741/images/_8srs4a0014.png"/> 
<file href="wor/wo_135741/images/_8srs4a0015.png"/> 
<file href="wor/wo_135741/images/_8srs4a0016.png"/> 
<file href="wor/wo_135741/images/_8srs4a0017.png"/> 
<file href="wor/wo_135741/images/_8srs4a0018.png"/> 
<file href="wor/wo_135741/images/_8srs4a0019.png"/> 
<file href="wor/wo_135741/images/_8srs4a0020.png"/> 
<file href="wor/wo_135741/images/_8srs4a0021.png"/> 
<file href="wor/wo_135741/images/_8srs4a0022.png"/> 
<file href="wor/wo_135741/images/_8srs4a0023.png"/> 
<file href="wor/wo_135741/images/_8srs4a0024.png"/> 
<file href="wor/wo_135741/images/_8srs4a0025.png"/> 
<file href="wor/wo_135741/images/_8srs4a0026.png"/> 
<file href="wor/wo_135741/images/_8srs4a0027.png"/> 
<file href="wor/wo_135741/images/_8srs4a0028.png"/> 
<file href="wor/wo_135741/images/_8srs4a0029.png"/> 
<file href="wor/wo_135741/images/_8srs4a0030.png"/> 
<file href="wor/wo_135741/images/_8srs4a0031.png"/> 
<file href="wor/wo_135741/images/_8srs4a0032.png"/> 
<file href="wor/wo_135741/images/_8srs4a0033.png"/> 
<file href="wor/wo_135741/images/_8srs4a0034.png"/> 
<file href="wor/wo_135741/images/_8srs4a0035.png"/> 
<file href="wor/wo_135741/images/_8srs4a0036.png"/> 
<file href="wor/wo_135741/images/_8srs4a0037.png"/> 
<file href="wor/wo_135741/images/_8srs4a0038.png"/> 
<file href="wor/wo_135741/images/_8srs4a0039.png"/> 
<file href="wor/wo_135741/images/_8srs4a0040.png"/> 
<file href="wor/wo_135741/images/_8srs4a0041.png"/> 
<file href="wor/wo_135741/images/_8srs4a0042.png"/> 
<file href="wor/wo_135741/images/_8srs4a0043.png"/> 
<file href="wor/wo_135741/images/_8srs4a0044.png"/> 
<file href="wor/wo_135741/images/_8srs4a0045.png"/> 
<file href="wor/wo_135741/images/_8srs4a0046.png"/> 
<file href="wor/wo_135741/images/_8srs4a0047.png"/> 
<file href="wor/wo_135741/images/_8srs4a0048.png"/> 
<file href="wor/wo_135741/images/_8srs4a0049.png"/> 
<file href="wor/wo_135741/images/_8srs4a0050.png"/> 
<file href="wor/wo_135741/images/_8srs4a0051.png"/> 
<file href="wor/wo_135741/images/_8srs4a0052.png"/> 
<file href="wor/wo_135741/images/_8srs4a0053.png"/> 
<file href="wor/wo_135741/images/_8srs4a0054.png"/> 
<file href="wor/wo_135741/images/_8srs4a0055.png"/> 
<file href="wor/wo_135741/images/_8srs4a0056.png"/> 
<file href="wor/wo_135741/images/_8srs4a0057.png"/> 
<file href="wor/wo_135741/images/_8srs4a0058.png"/> 
<file href="wor/wo_135741/images/_8srs4a0059.png"/> 
<file href="wor/wo_135741/images/_8srs4a0060.png"/> 
<file href="wor/wo_135741/images/_8srs4a0061.png"/> 
<file href="wor/wo_135741/images/_8srs4a0062.png"/> 
<file href="wor/wo_135741/images/_8srs4a0063.png"/> 
<file href="wor/wo_135741/images/_8srs4a0064.png"/> 
<file href="wor/wo_135741/images/_8srs4a0065.png"/> 
<file href="wor/wo_135741/images/_8srs4a0066.png"/> 
<file href="wor/wo_135741/images/_8srs4a0067.png"/> 
<file href="wor/wo_135741/images/_8srs4a0068.png"/> 
<file href="wor/wo_135741/images/_8srs4a0069.png"/> 
<file href="wor/wo_135741/images/_8srs4a0070.png"/> 
<file href="wor/wo_135741/images/_8srs4a0071.png"/> 
<file href="wor/wo_135741/images/_8srs4a0072.png"/> 
<file href="wor/wo_135741/images/_8srs4a0073.png"/> 
<file href="wor/wo_135741/images/_8srs4a0074.png"/> 
<file href="wor/wo_135741/images/_8srs4a0075.png"/> 
<file href="wor/wo_135741/images/_8srs4a0076.png"/> 
<file href="wor/wo_135741/images/_8srs4a0077.png"/> 
<file href="wor/wo_135741/images/_8srs4a0078.png"/> 
<file href="wor/wo_135741/images/_8srs4a0079.png"/> 
<file href="wor/wo_135741/images/_8srs4a0080.png"/> 
<file href="wor/wo_135741/images/_8srs4a0081.png"/> 
<file href="wor/wo_135741/images/_8srs4a0082.png"/> 
<file href="wor/wo_135741/images/_8srs4a0083.png"/> 
<file href="wor/wo_135741/images/_8srs4a0084.png"/> 
<file href="wor/wo_135741/images/_8srs4a0085.png"/> 
<file href="wor/wo_135741/images/_8srs4a0086.png"/> 
<file href="wor/wo_135741/images/_8srs4a0087.png"/> 
<file href="wor/wo_135741/images/_8srs4a0088.png"/> 
<file href="wor/wo_135741/images/_8srs4a0089.png"/> 
<file href="wor/wo_135741/images/_8srs4a0090.png"/> 
<file href="wor/wo_135741/images/_8srs4a0091.png"/> 
<file href="wor/wo_135741/images/_8srs4a0092.png"/> 
<file href="wor/wo_135741/images/_8srs4a0093.png"/> 
<file href="wor/wo_135741/images/_8srs4a0094.png"/> 
<file href="wor/wo_135741/images/_8srs4a0095.png"/> 
<file href="wor/wo_135741/images/_8srs4a0096.png"/> 
<file href="wor/wo_135741/images/_8srs4a0097.png"/> 
<file href="wor/wo_135741/images/_8srs4a0098.png"/> 
<file href="wor/wo_135741/images/_8srs4a0099.png"/> 
<file href="wor/wo_135741/images/_8srs4a0100.png"/> 
<file href="wor/wo_135741/images/_8srs4a0101.png"/> 
<file href="wor/wo_135741/images/_8srs4a0102.png"/> 
<file href="wor/wo_135741/images/_8srs4a0103.png"/> 
<file href="wor/wo_135741/images/_8srs4a0104.png"/> 
<file href="wor/wo_135741/images/_8srs4a0105.png"/> 
<file href="wor/wo_135741/images/_8srs4a0106.png"/> 
<file href="wor/wo_135741/images/_8srs4a0107.png"/> 
<file href="wor/wo_135741/images/_8srs4a0108.png"/> 
<file href="wor/wo_135741/images/_8srs4a0109.png"/> 
<file href="wor/wo_135741/images/_8srs4a0110.png"/> 
<file href="wor/wo_135741/images/_8srs4a0111.png"/> 
<file href="wor/wo_135741/images/_8srs4a0112.png"/> 
<file href="wor/wo_135741/images/_8srs4a0113.png"/> 
<file href="wor/wo_135741/images/_preloader.gif"/> 
<file href="wor/wo_135741/index.html"/> 
<file href="wor/wo_135741/index_oam.xml"/> 
<file href="wor/wo_135741/libs/createjs-2015.11.26.min.js"/> 
<file href="wor/wo_135758/PosterImg_637.png"/> 
<file href="wor/wo_135758/images/IGR_Advancediagram.jpg"/> 
<file href="wor/wo_135758/images/Mesh.png"/> 
<file href="wor/wo_135758/images/Mesh_1.png"/> 
<file href="wor/wo_135758/images/Path.png"/> 
<file href="wor/wo_135758/images/Path_1.png"/> 
<file href="wor/wo_135758/images/_8srs5a0001.png"/> 
<file href="wor/wo_135758/images/_8srs5a0002.png"/> 
<file href="wor/wo_135758/images/_8srs5a0003.png"/> 
<file href="wor/wo_135758/images/_8srs5a0004.png"/> 
<file href="wor/wo_135758/images/_8srs5a0005.png"/> 
<file href="wor/wo_135758/images/_8srs5a0006.png"/> 
<file href="wor/wo_135758/images/_8srs5a0007.png"/> 
<file href="wor/wo_135758/images/_8srs5a0008.png"/> 
<file href="wor/wo_135758/images/_8srs5a0009.png"/> 
<file href="wor/wo_135758/images/_8srs5a0010.png"/> 
<file href="wor/wo_135758/images/_8srs5a0011.png"/> 
<file href="wor/wo_135758/images/_8srs5a0012.png"/> 
<file href="wor/wo_135758/images/_8srs5a0013.png"/> 
<file href="wor/wo_135758/images/_8srs5a0014.png"/> 
<file href="wor/wo_135758/images/_8srs5a0015.png"/> 
<file href="wor/wo_135758/images/_8srs5a0016.png"/> 
<file href="wor/wo_135758/images/_8srs5a0017.png"/> 
<file href="wor/wo_135758/images/_8srs5a0018.png"/> 
<file href="wor/wo_135758/images/_8srs5a0019.png"/> 
<file href="wor/wo_135758/images/_8srs5a0020.png"/> 
<file href="wor/wo_135758/images/_8srs5a0021.png"/> 
<file href="wor/wo_135758/images/_8srs5a0022.png"/> 
<file href="wor/wo_135758/images/_8srs5a0023.png"/> 
<file href="wor/wo_135758/images/_8srs5a0024.png"/> 
<file href="wor/wo_135758/images/_8srs5a0025.png"/> 
<file href="wor/wo_135758/images/_8srs5a0026.png"/> 
<file href="wor/wo_135758/images/_8srs5a0027.png"/> 
<file href="wor/wo_135758/images/_8srs5a0028.png"/> 
<file href="wor/wo_135758/images/_8srs5a0029.png"/> 
<file href="wor/wo_135758/images/_8srs5a0030.png"/> 
<file href="wor/wo_135758/images/_8srs5a0031.png"/> 
<file href="wor/wo_135758/images/_8srs5a0032.png"/> 
<file href="wor/wo_135758/images/_8srs5a0033.png"/> 
<file href="wor/wo_135758/images/_8srs5a0034.png"/> 
<file href="wor/wo_135758/images/_8srs5a0035.png"/> 
<file href="wor/wo_135758/images/_8srs5a0036.png"/> 
<file href="wor/wo_135758/images/_8srs5a0037.png"/> 
<file href="wor/wo_135758/images/_8srs5a0038.png"/> 
<file href="wor/wo_135758/images/_8srs5a0039.png"/> 
<file href="wor/wo_135758/images/_8srs5a0040.png"/> 
<file href="wor/wo_135758/images/_8srs5a0041.png"/> 
<file href="wor/wo_135758/images/_8srs5a0042.png"/> 
<file href="wor/wo_135758/images/_8srs5a0043.png"/> 
<file href="wor/wo_135758/images/_8srs5a0044.png"/> 
<file href="wor/wo_135758/images/_8srs5a0045.png"/> 
<file href="wor/wo_135758/images/_8srs5a0046.png"/> 
<file href="wor/wo_135758/images/_8srs5a0047.png"/> 
<file href="wor/wo_135758/images/_8srs5a0048.png"/> 
<file href="wor/wo_135758/images/_8srs5a0049.png"/> 
<file href="wor/wo_135758/images/_8srs5a0050.png"/> 
<file href="wor/wo_135758/images/_8srs5a0051.png"/> 
<file href="wor/wo_135758/images/_8srs5a0052.png"/> 
<file href="wor/wo_135758/images/_8srs5a0053.png"/> 
<file href="wor/wo_135758/images/_8srs5a0054.png"/> 
<file href="wor/wo_135758/images/_8srs5a0055.png"/> 
<file href="wor/wo_135758/images/_8srs5a0056.png"/> 
<file href="wor/wo_135758/images/_8srs5a0057.png"/> 
<file href="wor/wo_135758/images/_8srs5a0058.png"/> 
<file href="wor/wo_135758/images/_8srs5a0059.png"/> 
<file href="wor/wo_135758/images/_8srs5a0060.png"/> 
<file href="wor/wo_135758/images/_8srs5a0061.png"/> 
<file href="wor/wo_135758/images/_8srs5a0062.png"/> 
<file href="wor/wo_135758/images/_8srs5a0063.png"/> 
<file href="wor/wo_135758/images/_8srs5a0064.png"/> 
<file href="wor/wo_135758/images/_8srs5a0065.png"/> 
<file href="wor/wo_135758/images/_8srs5a0066.png"/> 
<file href="wor/wo_135758/images/_8srs5a0067.png"/> 
<file href="wor/wo_135758/images/_8srs5a0068.png"/> 
<file href="wor/wo_135758/images/_8srs5a0069.png"/> 
<file href="wor/wo_135758/images/_8srs5a0070.png"/> 
<file href="wor/wo_135758/images/_8srs5a0071.png"/> 
<file href="wor/wo_135758/images/_8srs5a0072.png"/> 
<file href="wor/wo_135758/images/_8srs5a0073.png"/> 
<file href="wor/wo_135758/images/_8srs5a0074.png"/> 
<file href="wor/wo_135758/images/_8srs5a0075.png"/> 
<file href="wor/wo_135758/images/_8srs5a0076.png"/> 
<file href="wor/wo_135758/images/_8srs5a0077.png"/> 
<file href="wor/wo_135758/images/_8srs5a0078.png"/> 
<file href="wor/wo_135758/images/_8srs5a0079.png"/> 
<file href="wor/wo_135758/images/_8srs5a0080.png"/> 
<file href="wor/wo_135758/images/_8srs5a0081.png"/> 
<file href="wor/wo_135758/images/_8srs5a0082.png"/> 
<file href="wor/wo_135758/images/_8srs5a0083.png"/> 
<file href="wor/wo_135758/images/_8srs5a0084.png"/> 
<file href="wor/wo_135758/images/_8srs5a0085.png"/> 
<file href="wor/wo_135758/images/_8srs5a0086.png"/> 
<file href="wor/wo_135758/images/_8srs5a0087.png"/> 
<file href="wor/wo_135758/images/_8srs5a0088.png"/> 
<file href="wor/wo_135758/images/_8srs5a0089.png"/> 
<file href="wor/wo_135758/images/_8srs5a0090.png"/> 
<file href="wor/wo_135758/images/_8srs5a0091.png"/> 
<file href="wor/wo_135758/images/_8srs5a0092.png"/> 
<file href="wor/wo_135758/images/_8srs5a0093.png"/> 
<file href="wor/wo_135758/images/_8srs5a0094.png"/> 
<file href="wor/wo_135758/images/_8srs5a0095.png"/> 
<file href="wor/wo_135758/images/_8srs5a0096.png"/> 
<file href="wor/wo_135758/images/_8srs5a0097.png"/> 
<file href="wor/wo_135758/images/_8srs5a0098.png"/> 
<file href="wor/wo_135758/images/_8srs5a0099.png"/> 
<file href="wor/wo_135758/images/_8srs5a0100.png"/> 
<file href="wor/wo_135758/images/_8srs5a0101.png"/> 
<file href="wor/wo_135758/images/_8srs5a0102.png"/> 
<file href="wor/wo_135758/images/_8srs5a0103.png"/> 
<file href="wor/wo_135758/images/_8srs5a0104.png"/> 
<file href="wor/wo_135758/images/_8srs5a0105.png"/> 
<file href="wor/wo_135758/images/_8srs5a0106.png"/> 
<file href="wor/wo_135758/images/_8srs5a0107.png"/> 
<file href="wor/wo_135758/images/_8srs5a0108.png"/> 
<file href="wor/wo_135758/images/_8srs5a0109.png"/> 
<file href="wor/wo_135758/images/_8srs5a0110.png"/> 
<file href="wor/wo_135758/images/_8srs5a0111.png"/> 
<file href="wor/wo_135758/images/_8srs5a0112.png"/> 
<file href="wor/wo_135758/images/_preloader.gif"/> 
<file href="wor/wo_135758/index.html"/> 
<file href="wor/wo_135758/index_oam.xml"/> 
<file href="wor/wo_135758/libs/createjs-2015.11.26.min.js"/> 
<file href="wor/wo_135768/PosterImg_800.png"/> 
<file href="wor/wo_135768/images/IGR_Advancediagram.jpg"/> 
<file href="wor/wo_135768/images/Mesh.png"/> 
<file href="wor/wo_135768/images/Mesh_1.png"/> 
<file href="wor/wo_135768/images/Path.png"/> 
<file href="wor/wo_135768/images/Path_1.png"/> 
<file href="wor/wo_135768/images/_8srs5a0001.png"/> 
<file href="wor/wo_135768/images/_8srs5a0002.png"/> 
<file href="wor/wo_135768/images/_8srs5a0003.png"/> 
<file href="wor/wo_135768/images/_8srs5a0004.png"/> 
<file href="wor/wo_135768/images/_8srs5a0005.png"/> 
<file href="wor/wo_135768/images/_8srs5a0006.png"/> 
<file href="wor/wo_135768/images/_8srs5a0007.png"/> 
<file href="wor/wo_135768/images/_8srs5a0008.png"/> 
<file href="wor/wo_135768/images/_8srs5a0009.png"/> 
<file href="wor/wo_135768/images/_8srs5a0010.png"/> 
<file href="wor/wo_135768/images/_8srs5a0011.png"/> 
<file href="wor/wo_135768/images/_8srs5a0012.png"/> 
<file href="wor/wo_135768/images/_8srs5a0013.png"/> 
<file href="wor/wo_135768/images/_8srs5a0014.png"/> 
<file href="wor/wo_135768/images/_8srs5a0015.png"/> 
<file href="wor/wo_135768/images/_8srs5a0016.png"/> 
<file href="wor/wo_135768/images/_8srs5a0017.png"/> 
<file href="wor/wo_135768/images/_8srs5a0018.png"/> 
<file href="wor/wo_135768/images/_8srs5a0019.png"/> 
<file href="wor/wo_135768/images/_8srs5a0020.png"/> 
<file href="wor/wo_135768/images/_8srs5a0021.png"/> 
<file href="wor/wo_135768/images/_8srs5a0022.png"/> 
<file href="wor/wo_135768/images/_8srs5a0023.png"/> 
<file href="wor/wo_135768/images/_8srs5a0024.png"/> 
<file href="wor/wo_135768/images/_8srs5a0025.png"/> 
<file href="wor/wo_135768/images/_8srs5a0026.png"/> 
<file href="wor/wo_135768/images/_8srs5a0027.png"/> 
<file href="wor/wo_135768/images/_8srs5a0028.png"/> 
<file href="wor/wo_135768/images/_8srs5a0029.png"/> 
<file href="wor/wo_135768/images/_8srs5a0030.png"/> 
<file href="wor/wo_135768/images/_8srs5a0031.png"/> 
<file href="wor/wo_135768/images/_8srs5a0032.png"/> 
<file href="wor/wo_135768/images/_8srs5a0033.png"/> 
<file href="wor/wo_135768/images/_8srs5a0034.png"/> 
<file href="wor/wo_135768/images/_8srs5a0035.png"/> 
<file href="wor/wo_135768/images/_8srs5a0036.png"/> 
<file href="wor/wo_135768/images/_8srs5a0037.png"/> 
<file href="wor/wo_135768/images/_8srs5a0038.png"/> 
<file href="wor/wo_135768/images/_8srs5a0039.png"/> 
<file href="wor/wo_135768/images/_8srs5a0040.png"/> 
<file href="wor/wo_135768/images/_8srs5a0041.png"/> 
<file href="wor/wo_135768/images/_8srs5a0042.png"/> 
<file href="wor/wo_135768/images/_8srs5a0043.png"/> 
<file href="wor/wo_135768/images/_8srs5a0044.png"/> 
<file href="wor/wo_135768/images/_8srs5a0045.png"/> 
<file href="wor/wo_135768/images/_8srs5a0046.png"/> 
<file href="wor/wo_135768/images/_8srs5a0047.png"/> 
<file href="wor/wo_135768/images/_8srs5a0048.png"/> 
<file href="wor/wo_135768/images/_8srs5a0049.png"/> 
<file href="wor/wo_135768/images/_8srs5a0050.png"/> 
<file href="wor/wo_135768/images/_8srs5a0051.png"/> 
<file href="wor/wo_135768/images/_8srs5a0052.png"/> 
<file href="wor/wo_135768/images/_8srs5a0053.png"/> 
<file href="wor/wo_135768/images/_8srs5a0054.png"/> 
<file href="wor/wo_135768/images/_8srs5a0055.png"/> 
<file href="wor/wo_135768/images/_8srs5a0056.png"/> 
<file href="wor/wo_135768/images/_8srs5a0057.png"/> 
<file href="wor/wo_135768/images/_8srs5a0058.png"/> 
<file href="wor/wo_135768/images/_8srs5a0059.png"/> 
<file href="wor/wo_135768/images/_8srs5a0060.png"/> 
<file href="wor/wo_135768/images/_8srs5a0061.png"/> 
<file href="wor/wo_135768/images/_8srs5a0062.png"/> 
<file href="wor/wo_135768/images/_8srs5a0063.png"/> 
<file href="wor/wo_135768/images/_8srs5a0064.png"/> 
<file href="wor/wo_135768/images/_8srs5a0065.png"/> 
<file href="wor/wo_135768/images/_8srs5a0066.png"/> 
<file href="wor/wo_135768/images/_8srs5a0067.png"/> 
<file href="wor/wo_135768/images/_8srs5a0068.png"/> 
<file href="wor/wo_135768/images/_8srs5a0069.png"/> 
<file href="wor/wo_135768/images/_8srs5a0070.png"/> 
<file href="wor/wo_135768/images/_8srs5a0071.png"/> 
<file href="wor/wo_135768/images/_8srs5a0072.png"/> 
<file href="wor/wo_135768/images/_8srs5a0073.png"/> 
<file href="wor/wo_135768/images/_8srs5a0074.png"/> 
<file href="wor/wo_135768/images/_8srs5a0075.png"/> 
<file href="wor/wo_135768/images/_8srs5a0076.png"/> 
<file href="wor/wo_135768/images/_8srs5a0077.png"/> 
<file href="wor/wo_135768/images/_8srs5a0078.png"/> 
<file href="wor/wo_135768/images/_8srs5a0079.png"/> 
<file href="wor/wo_135768/images/_8srs5a0080.png"/> 
<file href="wor/wo_135768/images/_8srs5a0081.png"/> 
<file href="wor/wo_135768/images/_8srs5a0082.png"/> 
<file href="wor/wo_135768/images/_8srs5a0083.png"/> 
<file href="wor/wo_135768/images/_8srs5a0084.png"/> 
<file href="wor/wo_135768/images/_8srs5a0085.png"/> 
<file href="wor/wo_135768/images/_8srs5a0086.png"/> 
<file href="wor/wo_135768/images/_8srs5a0087.png"/> 
<file href="wor/wo_135768/images/_8srs5a0088.png"/> 
<file href="wor/wo_135768/images/_8srs5a0089.png"/> 
<file href="wor/wo_135768/images/_8srs5a0090.png"/> 
<file href="wor/wo_135768/images/_8srs5a0091.png"/> 
<file href="wor/wo_135768/images/_8srs5a0092.png"/> 
<file href="wor/wo_135768/images/_8srs5a0093.png"/> 
<file href="wor/wo_135768/images/_8srs5a0094.png"/> 
<file href="wor/wo_135768/images/_8srs5a0095.png"/> 
<file href="wor/wo_135768/images/_8srs5a0096.png"/> 
<file href="wor/wo_135768/images/_8srs5a0097.png"/> 
<file href="wor/wo_135768/images/_8srs5a0098.png"/> 
<file href="wor/wo_135768/images/_8srs5a0099.png"/> 
<file href="wor/wo_135768/images/_8srs5a0100.png"/> 
<file href="wor/wo_135768/images/_8srs5a0101.png"/> 
<file href="wor/wo_135768/images/_8srs5a0102.png"/> 
<file href="wor/wo_135768/images/_8srs5a0103.png"/> 
<file href="wor/wo_135768/images/_8srs5a0104.png"/> 
<file href="wor/wo_135768/images/_8srs5a0105.png"/> 
<file href="wor/wo_135768/images/_8srs5a0106.png"/> 
<file href="wor/wo_135768/images/_8srs5a0107.png"/> 
<file href="wor/wo_135768/images/_8srs5a0108.png"/> 
<file href="wor/wo_135768/images/_8srs5a0109.png"/> 
<file href="wor/wo_135768/images/_8srs5a0110.png"/> 
<file href="wor/wo_135768/images/_8srs5a0111.png"/> 
<file href="wor/wo_135768/images/_8srs5a0112.png"/> 
<file href="wor/wo_135768/images/_preloader.gif"/> 
<file href="wor/wo_135768/index.html"/> 
<file href="wor/wo_135768/index_oam.xml"/> 
<file href="wor/wo_135768/libs/createjs-2015.11.26.min.js"/> 
<file href="wor/wo_135778/PosterImg_182.png"/> 
<file href="wor/wo_135778/images/IGR_Advancediagram.jpg"/> 
<file href="wor/wo_135778/images/Mesh.png"/> 
<file href="wor/wo_135778/images/Mesh_1.png"/> 
<file href="wor/wo_135778/images/Path.png"/> 
<file href="wor/wo_135778/images/Path_1.png"/> 
<file href="wor/wo_135778/images/_8srs70001.png"/> 
<file href="wor/wo_135778/images/_8srs70002.png"/> 
<file href="wor/wo_135778/images/_8srs70003.png"/> 
<file href="wor/wo_135778/images/_8srs70004.png"/> 
<file href="wor/wo_135778/images/_8srs70005.png"/> 
<file href="wor/wo_135778/images/_8srs70006.png"/> 
<file href="wor/wo_135778/images/_8srs70007.png"/> 
<file href="wor/wo_135778/images/_8srs70008.png"/> 
<file href="wor/wo_135778/images/_8srs70009.png"/> 
<file href="wor/wo_135778/images/_8srs70010.png"/> 
<file href="wor/wo_135778/images/_8srs70011.png"/> 
<file href="wor/wo_135778/images/_8srs70012.png"/> 
<file href="wor/wo_135778/images/_8srs70013.png"/> 
<file href="wor/wo_135778/images/_8srs70014.png"/> 
<file href="wor/wo_135778/images/_8srs70015.png"/> 
<file href="wor/wo_135778/images/_8srs70016.png"/> 
<file href="wor/wo_135778/images/_8srs70017.png"/> 
<file href="wor/wo_135778/images/_8srs70018.png"/> 
<file href="wor/wo_135778/images/_8srs70019.png"/> 
<file href="wor/wo_135778/images/_8srs70020.png"/> 
<file href="wor/wo_135778/images/_8srs70021.png"/> 
<file href="wor/wo_135778/images/_8srs70022.png"/> 
<file href="wor/wo_135778/images/_8srs70023.png"/> 
<file href="wor/wo_135778/images/_8srs70024.png"/> 
<file href="wor/wo_135778/images/_8srs70025.png"/> 
<file href="wor/wo_135778/images/_8srs70026.png"/> 
<file href="wor/wo_135778/images/_8srs70027.png"/> 
<file href="wor/wo_135778/images/_8srs70028.png"/> 
<file href="wor/wo_135778/images/_8srs70029.png"/> 
<file href="wor/wo_135778/images/_8srs70030.png"/> 
<file href="wor/wo_135778/images/_8srs70031.png"/> 
<file href="wor/wo_135778/images/_8srs70032.png"/> 
<file href="wor/wo_135778/images/_8srs70033.png"/> 
<file href="wor/wo_135778/images/_8srs70034.png"/> 
<file href="wor/wo_135778/images/_8srs70035.png"/> 
<file href="wor/wo_135778/images/_8srs70036.png"/> 
<file href="wor/wo_135778/images/_8srs70037.png"/> 
<file href="wor/wo_135778/images/_8srs70038.png"/> 
<file href="wor/wo_135778/images/_8srs70039.png"/> 
<file href="wor/wo_135778/images/_8srs70040.png"/> 
<file href="wor/wo_135778/images/_8srs70041.png"/> 
<file href="wor/wo_135778/images/_8srs70042.png"/> 
<file href="wor/wo_135778/images/_8srs70043.png"/> 
<file href="wor/wo_135778/images/_8srs70044.png"/> 
<file href="wor/wo_135778/images/_8srs70045.png"/> 
<file href="wor/wo_135778/images/_8srs70046.png"/> 
<file href="wor/wo_135778/images/_8srs70047.png"/> 
<file href="wor/wo_135778/images/_8srs70048.png"/> 
<file href="wor/wo_135778/images/_8srs70049.png"/> 
<file href="wor/wo_135778/images/_8srs70050.png"/> 
<file href="wor/wo_135778/images/_8srs70051.png"/> 
<file href="wor/wo_135778/images/_8srs70052.png"/> 
<file href="wor/wo_135778/images/_8srs70053.png"/> 
<file href="wor/wo_135778/images/_8srs70054.png"/> 
<file href="wor/wo_135778/images/_8srs70055.png"/> 
<file href="wor/wo_135778/images/_8srs70056.png"/> 
<file href="wor/wo_135778/images/_8srs70057.png"/> 
<file href="wor/wo_135778/images/_8srs70058.png"/> 
<file href="wor/wo_135778/images/_8srs70059.png"/> 
<file href="wor/wo_135778/images/_8srs70060.png"/> 
<file href="wor/wo_135778/images/_8srs70061.png"/> 
<file href="wor/wo_135778/images/_8srs70062.png"/> 
<file href="wor/wo_135778/images/_8srs70063.png"/> 
<file href="wor/wo_135778/images/_8srs70064.png"/> 
<file href="wor/wo_135778/images/_8srs70065.png"/> 
<file href="wor/wo_135778/images/_8srs70066.png"/> 
<file href="wor/wo_135778/images/_8srs70067.png"/> 
<file href="wor/wo_135778/images/_8srs70068.png"/> 
<file href="wor/wo_135778/images/_8srs70069.png"/> 
<file href="wor/wo_135778/images/_8srs70070.png"/> 
<file href="wor/wo_135778/images/_8srs70071.png"/> 
<file href="wor/wo_135778/images/_8srs70072.png"/> 
<file href="wor/wo_135778/images/_8srs70073.png"/> 
<file href="wor/wo_135778/images/_8srs70074.png"/> 
<file href="wor/wo_135778/images/_8srs70075.png"/> 
<file href="wor/wo_135778/images/_8srs70076.png"/> 
<file href="wor/wo_135778/images/_8srs70077.png"/> 
<file href="wor/wo_135778/images/_8srs70078.png"/> 
<file href="wor/wo_135778/images/_8srs70079.png"/> 
<file href="wor/wo_135778/images/_8srs70080.png"/> 
<file href="wor/wo_135778/images/_8srs70081.png"/> 
<file href="wor/wo_135778/images/_8srs70082.png"/> 
<file href="wor/wo_135778/images/_8srs70083.png"/> 
<file href="wor/wo_135778/images/_8srs70084.png"/> 
<file href="wor/wo_135778/images/_8srs70085.png"/> 
<file href="wor/wo_135778/images/_8srs70086.png"/> 
<file href="wor/wo_135778/images/_8srs70087.png"/> 
<file href="wor/wo_135778/images/_8srs70088.png"/> 
<file href="wor/wo_135778/images/_8srs70089.png"/> 
<file href="wor/wo_135778/images/_8srs70090.png"/> 
<file href="wor/wo_135778/images/_8srs70091.png"/> 
<file href="wor/wo_135778/images/_8srs70092.png"/> 
<file href="wor/wo_135778/images/_8srs70093.png"/> 
<file href="wor/wo_135778/images/_8srs70094.png"/> 
<file href="wor/wo_135778/images/_8srs70095.png"/> 
<file href="wor/wo_135778/images/_8srs70096.png"/> 
<file href="wor/wo_135778/images/_8srs70097.png"/> 
<file href="wor/wo_135778/images/_8srs70098.png"/> 
<file href="wor/wo_135778/images/_8srs70099.png"/> 
<file href="wor/wo_135778/images/_8srs70100.png"/> 
<file href="wor/wo_135778/images/_8srs70101.png"/> 
<file href="wor/wo_135778/images/_8srs70102.png"/> 
<file href="wor/wo_135778/images/_8srs70103.png"/> 
<file href="wor/wo_135778/images/_8srs70104.png"/> 
<file href="wor/wo_135778/images/_8srs70105.png"/> 
<file href="wor/wo_135778/images/_8srs70106.png"/> 
<file href="wor/wo_135778/images/_8srs70107.png"/> 
<file href="wor/wo_135778/images/_8srs70108.png"/> 
<file href="wor/wo_135778/images/_8srs70109.png"/> 
<file href="wor/wo_135778/images/_8srs70110.png"/> 
<file href="wor/wo_135778/images/_8srs70111.png"/> 
<file href="wor/wo_135778/images/_8srs70112.png"/> 
<file href="wor/wo_135778/images/_preloader.gif"/> 
<file href="wor/wo_135778/index.html"/> 
<file href="wor/wo_135778/index_oam.xml"/> 
<file href="wor/wo_135778/libs/createjs-2015.11.26.min.js"/> 
<file href="wor/wo_135788/PosterImg_832.png"/> 
<file href="wor/wo_135788/images/IGR_Advancediagram.jpg"/> 
<file href="wor/wo_135788/images/Mesh.png"/> 
<file href="wor/wo_135788/images/Mesh_1.png"/> 
<file href="wor/wo_135788/images/Path.png"/> 
<file href="wor/wo_135788/images/Path_1.png"/> 
<file href="wor/wo_135788/images/_preloader.gif"/> 
<file href="wor/wo_135788/images/govtoddleLpngcopy2.png"/> 
<file href="wor/wo_135788/index.html"/> 
<file href="wor/wo_135788/index_oam.xml"/> 
<file href="wor/wo_135788/libs/createjs-2015.11.26.min.js"/> 
<file href="wor/wo_135798/PosterImg_71.png"/> 
<file href="wor/wo_135798/images/IGR_Advancediagram.jpg"/> 
<file href="wor/wo_135798/images/Mesh.png"/> 
<file href="wor/wo_135798/images/Mesh_1.png"/> 
<file href="wor/wo_135798/images/Path.png"/> 
<file href="wor/wo_135798/images/Path_1.png"/> 
<file href="wor/wo_135798/images/_preloader.gif"/> 
<file href="wor/wo_135798/index.html"/> 
<file href="wor/wo_135798/index_oam.xml"/> 
<file href="wor/wo_135798/libs/createjs-2015.11.26.min.js"/> 
<file href="wor/wo_135815/PosterImg_80.png"/> 
<file href="wor/wo_135815/images/IGR_Advancediagram.jpg"/> 
<file href="wor/wo_135815/images/Mesh.png"/> 
<file href="wor/wo_135815/images/Mesh_1.png"/> 
<file href="wor/wo_135815/images/Path.png"/> 
<file href="wor/wo_135815/images/Path_1.png"/> 
<file href="wor/wo_135815/images/_preloader.gif"/> 
<file href="wor/wo_135815/index.html"/> 
<file href="wor/wo_135815/index_oam.xml"/> 
<file href="wor/wo_135815/libs/createjs-2015.11.26.min.js"/> 
<file href="wor/wo_136397/PosterImg_74.png"/> 
<file href="wor/wo_136397/images/IGR_Advancediagram.jpg"/> 
<file href="wor/wo_136397/images/Mesh.png"/> 
<file href="wor/wo_136397/images/Mesh_1.png"/> 
<file href="wor/wo_136397/images/Path.png"/> 
<file href="wor/wo_136397/images/Path_1.png"/> 
<file href="wor/wo_136397/images/_7srs60001.png"/> 
<file href="wor/wo_136397/images/_7srs60002.png"/> 
<file href="wor/wo_136397/images/_7srs60003.png"/> 
<file href="wor/wo_136397/images/_7srs60004.png"/> 
<file href="wor/wo_136397/images/_7srs60005.png"/> 
<file href="wor/wo_136397/images/_7srs60006.png"/> 
<file href="wor/wo_136397/images/_7srs60007.png"/> 
<file href="wor/wo_136397/images/_7srs60008.png"/> 
<file href="wor/wo_136397/images/_7srs60009.png"/> 
<file href="wor/wo_136397/images/_7srs60010.png"/> 
<file href="wor/wo_136397/images/_7srs60011.png"/> 
<file href="wor/wo_136397/images/_7srs60012.png"/> 
<file href="wor/wo_136397/images/_7srs60013.png"/> 
<file href="wor/wo_136397/images/_7srs60014.png"/> 
<file href="wor/wo_136397/images/_7srs60015.png"/> 
<file href="wor/wo_136397/images/_7srs60016.png"/> 
<file href="wor/wo_136397/images/_7srs60017.png"/> 
<file href="wor/wo_136397/images/_7srs60018.png"/> 
<file href="wor/wo_136397/images/_7srs60019.png"/> 
<file href="wor/wo_136397/images/_7srs60020.png"/> 
<file href="wor/wo_136397/images/_7srs60021.png"/> 
<file href="wor/wo_136397/images/_7srs60022.png"/> 
<file href="wor/wo_136397/images/_7srs60023.png"/> 
<file href="wor/wo_136397/images/_7srs60024.png"/> 
<file href="wor/wo_136397/images/_7srs60025.png"/> 
<file href="wor/wo_136397/images/_7srs60026.png"/> 
<file href="wor/wo_136397/images/_7srs60027.png"/> 
<file href="wor/wo_136397/images/_7srs60028.png"/> 
<file href="wor/wo_136397/images/_7srs60029.png"/> 
<file href="wor/wo_136397/images/_7srs60030.png"/> 
<file href="wor/wo_136397/images/_7srs60031.png"/> 
<file href="wor/wo_136397/images/_7srs60032.png"/> 
<file href="wor/wo_136397/images/_7srs60033.png"/> 
<file href="wor/wo_136397/images/_7srs60034.png"/> 
<file href="wor/wo_136397/images/_7srs60035.png"/> 
<file href="wor/wo_136397/images/_7srs60036.png"/> 
<file href="wor/wo_136397/images/_7srs60037.png"/> 
<file href="wor/wo_136397/images/_7srs60038.png"/> 
<file href="wor/wo_136397/images/_7srs60039.png"/> 
<file href="wor/wo_136397/images/_7srs60040.png"/> 
<file href="wor/wo_136397/images/_7srs60041.png"/> 
<file href="wor/wo_136397/images/_7srs60042.png"/> 
<file href="wor/wo_136397/images/_7srs60043.png"/> 
<file href="wor/wo_136397/images/_7srs60044.png"/> 
<file href="wor/wo_136397/images/_7srs60045.png"/> 
<file href="wor/wo_136397/images/_7srs60046.png"/> 
<file href="wor/wo_136397/images/_7srs60047.png"/> 
<file href="wor/wo_136397/images/_7srs60048.png"/> 
<file href="wor/wo_136397/images/_7srs60049.png"/> 
<file href="wor/wo_136397/images/_7srs60050.png"/> 
<file href="wor/wo_136397/images/_7srs60051.png"/> 
<file href="wor/wo_136397/images/_7srs60052.png"/> 
<file href="wor/wo_136397/images/_7srs60053.png"/> 
<file href="wor/wo_136397/images/_7srs60054.png"/> 
<file href="wor/wo_136397/images/_7srs60055.png"/> 
<file href="wor/wo_136397/images/_7srs60056.png"/> 
<file href="wor/wo_136397/images/_7srs60057.png"/> 
<file href="wor/wo_136397/images/_7srs60058.png"/> 
<file href="wor/wo_136397/images/_7srs60059.png"/> 
<file href="wor/wo_136397/images/_7srs60060.png"/> 
<file href="wor/wo_136397/images/_7srs60061.png"/> 
<file href="wor/wo_136397/images/_7srs60062.png"/> 
<file href="wor/wo_136397/images/_7srs60063.png"/> 
<file href="wor/wo_136397/images/_7srs60064.png"/> 
<file href="wor/wo_136397/images/_7srs60065.png"/> 
<file href="wor/wo_136397/images/_7srs60066.png"/> 
<file href="wor/wo_136397/images/_7srs60067.png"/> 
<file href="wor/wo_136397/images/_7srs60068.png"/> 
<file href="wor/wo_136397/images/_7srs60069.png"/> 
<file href="wor/wo_136397/images/_7srs60070.png"/> 
<file href="wor/wo_136397/images/_7srs60071.png"/> 
<file href="wor/wo_136397/images/_7srs60072.png"/> 
<file href="wor/wo_136397/images/_7srs60073.png"/> 
<file href="wor/wo_136397/images/_7srs60074.png"/> 
<file href="wor/wo_136397/images/_7srs60075.png"/> 
<file href="wor/wo_136397/images/_7srs60076.png"/> 
<file href="wor/wo_136397/images/_7srs60077.png"/> 
<file href="wor/wo_136397/images/_7srs60078.png"/> 
<file href="wor/wo_136397/images/_7srs60079.png"/> 
<file href="wor/wo_136397/images/_7srs60080.png"/> 
<file href="wor/wo_136397/images/_7srs60081.png"/> 
<file href="wor/wo_136397/images/_7srs60082.png"/> 
<file href="wor/wo_136397/images/_7srs60083.png"/> 
<file href="wor/wo_136397/images/_7srs60084.png"/> 
<file href="wor/wo_136397/images/_7srs60085.png"/> 
<file href="wor/wo_136397/images/_7srs60086.png"/> 
<file href="wor/wo_136397/images/_7srs60087.png"/> 
<file href="wor/wo_136397/images/_7srs60088.png"/> 
<file href="wor/wo_136397/images/_7srs60089.png"/> 
<file href="wor/wo_136397/images/_7srs60090.png"/> 
<file href="wor/wo_136397/images/_7srs60091.png"/> 
<file href="wor/wo_136397/images/_7srs60092.png"/> 
<file href="wor/wo_136397/images/_7srs60093.png"/> 
<file href="wor/wo_136397/images/_7srs60094.png"/> 
<file href="wor/wo_136397/images/_7srs60095.png"/> 
<file href="wor/wo_136397/images/_7srs60096.png"/> 
<file href="wor/wo_136397/images/_7srs60097.png"/> 
<file href="wor/wo_136397/images/_7srs60098.png"/> 
<file href="wor/wo_136397/images/_7srs60099.png"/> 
<file href="wor/wo_136397/images/_7srs60100.png"/> 
<file href="wor/wo_136397/images/_7srs60101.png"/> 
<file href="wor/wo_136397/images/_7srs60102.png"/> 
<file href="wor/wo_136397/images/_7srs60103.png"/> 
<file href="wor/wo_136397/images/_7srs60104.png"/> 
<file href="wor/wo_136397/images/_7srs60105.png"/> 
<file href="wor/wo_136397/images/_7srs60106.png"/> 
<file href="wor/wo_136397/images/_7srs60107.png"/> 
<file href="wor/wo_136397/images/_7srs60108.png"/> 
<file href="wor/wo_136397/images/_7srs60109.png"/> 
<file href="wor/wo_136397/images/_7srs60110.png"/> 
<file href="wor/wo_136397/images/_7srs60111.png"/> 
<file href="wor/wo_136397/images/_7srs60112.png"/> 
<file href="wor/wo_136397/images/_preloader.gif"/> 
<file href="wor/wo_136397/index.html"/> 
<file href="wor/wo_136397/index_oam.xml"/> 
<file href="wor/wo_136397/libs/createjs-2015.11.26.min.js"/> 
<file href="wr/w_135031/Widget_135031.htm"/> 
<file href="wr/w_135031/css/CNATRAMenu.css"/> 
<file href="wr/w_135031/js/CNATRAMenu.js"/> 
<file href="wr/w_135031/js/GlobalLessonData.js"/> 
<file href="wr/w_135031/js/MainMenu.js"/> 
<file href="wr/w_135042/Widget_135042.htm"/> 
<file href="wr/w_135042/css/Playbar.css"/> 
<file href="wr/w_135042/images/btn-back.jpg"/> 
<file href="wr/w_135042/images/btn-exit.jpg"/> 
<file href="wr/w_135042/images/btn-forward.jpg"/> 
<file href="wr/w_135042/images/btn-help.jpg"/> 
<file href="wr/w_135042/images/btn-mainMenu.jpg"/> 
<file href="wr/w_135042/images/btn-repeat.jpg"/> 
<file href="wr/w_135042/images/btn-resume.jpg"/> 
<file href="wr/w_135042/images/password-entry-bg.png"/> 
<file href="wr/w_135042/js/GlobalLessonData.js"/> 
<file href="wr/w_135042/js/Playbar.js"/> 
<file href="Utilities.js"/> 
            </resource>
	</resources>
</manifest>
