<?xml version="1.0" encoding="utf-8" ?>
<widget xmlns="http://openajax.org/metadata" spec="1.0" name="index" version="1">

<description type="text/html"><![CDATA[Widget Exported from Flash Professional]]></description>

<category name="Flash Animation"/>
<remarks>Compatible with: InDesign CC, Dreamweaver CC, Muse</remarks>
<icon src="PosterImg_637.png" width="944" height="640"/>
<require type="other" src="index.html"/>
<require type="javascript" src="libs/createjs-2015.11.26.min.js"/>
<require type="image" src="images/IGR_Advancediagram.jpg"/>
<require type="image" src="images/Mesh.png"/>
<require type="image" src="images/Mesh_1.png"/>
<require type="image" src="images/Path.png"/>
<require type="image" src="images/Path_1.png"/>
<require type="image" src="images/_8srs5a0001.png"/>
<require type="image" src="images/_8srs5a0002.png"/>
<require type="image" src="images/_8srs5a0003.png"/>
<require type="image" src="images/_8srs5a0004.png"/>
<require type="image" src="images/_8srs5a0005.png"/>
<require type="image" src="images/_8srs5a0006.png"/>
<require type="image" src="images/_8srs5a0007.png"/>
<require type="image" src="images/_8srs5a0008.png"/>
<require type="image" src="images/_8srs5a0009.png"/>
<require type="image" src="images/_8srs5a0010.png"/>
<require type="image" src="images/_8srs5a0011.png"/>
<require type="image" src="images/_8srs5a0012.png"/>
<require type="image" src="images/_8srs5a0013.png"/>
<require type="image" src="images/_8srs5a0014.png"/>
<require type="image" src="images/_8srs5a0015.png"/>
<require type="image" src="images/_8srs5a0016.png"/>
<require type="image" src="images/_8srs5a0017.png"/>
<require type="image" src="images/_8srs5a0018.png"/>
<require type="image" src="images/_8srs5a0019.png"/>
<require type="image" src="images/_8srs5a0020.png"/>
<require type="image" src="images/_8srs5a0021.png"/>
<require type="image" src="images/_8srs5a0022.png"/>
<require type="image" src="images/_8srs5a0023.png"/>
<require type="image" src="images/_8srs5a0024.png"/>
<require type="image" src="images/_8srs5a0025.png"/>
<require type="image" src="images/_8srs5a0026.png"/>
<require type="image" src="images/_8srs5a0027.png"/>
<require type="image" src="images/_8srs5a0028.png"/>
<require type="image" src="images/_8srs5a0029.png"/>
<require type="image" src="images/_8srs5a0030.png"/>
<require type="image" src="images/_8srs5a0031.png"/>
<require type="image" src="images/_8srs5a0032.png"/>
<require type="image" src="images/_8srs5a0033.png"/>
<require type="image" src="images/_8srs5a0034.png"/>
<require type="image" src="images/_8srs5a0035.png"/>
<require type="image" src="images/_8srs5a0036.png"/>
<require type="image" src="images/_8srs5a0037.png"/>
<require type="image" src="images/_8srs5a0038.png"/>
<require type="image" src="images/_8srs5a0039.png"/>
<require type="image" src="images/_8srs5a0040.png"/>
<require type="image" src="images/_8srs5a0041.png"/>
<require type="image" src="images/_8srs5a0042.png"/>
<require type="image" src="images/_8srs5a0043.png"/>
<require type="image" src="images/_8srs5a0044.png"/>
<require type="image" src="images/_8srs5a0045.png"/>
<require type="image" src="images/_8srs5a0046.png"/>
<require type="image" src="images/_8srs5a0047.png"/>
<require type="image" src="images/_8srs5a0048.png"/>
<require type="image" src="images/_8srs5a0049.png"/>
<require type="image" src="images/_8srs5a0050.png"/>
<require type="image" src="images/_8srs5a0051.png"/>
<require type="image" src="images/_8srs5a0052.png"/>
<require type="image" src="images/_8srs5a0053.png"/>
<require type="image" src="images/_8srs5a0054.png"/>
<require type="image" src="images/_8srs5a0055.png"/>
<require type="image" src="images/_8srs5a0056.png"/>
<require type="image" src="images/_8srs5a0057.png"/>
<require type="image" src="images/_8srs5a0058.png"/>
<require type="image" src="images/_8srs5a0059.png"/>
<require type="image" src="images/_8srs5a0060.png"/>
<require type="image" src="images/_8srs5a0061.png"/>
<require type="image" src="images/_8srs5a0062.png"/>
<require type="image" src="images/_8srs5a0063.png"/>
<require type="image" src="images/_8srs5a0064.png"/>
<require type="image" src="images/_8srs5a0065.png"/>
<require type="image" src="images/_8srs5a0066.png"/>
<require type="image" src="images/_8srs5a0067.png"/>
<require type="image" src="images/_8srs5a0068.png"/>
<require type="image" src="images/_8srs5a0069.png"/>
<require type="image" src="images/_8srs5a0070.png"/>
<require type="image" src="images/_8srs5a0071.png"/>
<require type="image" src="images/_8srs5a0072.png"/>
<require type="image" src="images/_8srs5a0073.png"/>
<require type="image" src="images/_8srs5a0074.png"/>
<require type="image" src="images/_8srs5a0075.png"/>
<require type="image" src="images/_8srs5a0076.png"/>
<require type="image" src="images/_8srs5a0077.png"/>
<require type="image" src="images/_8srs5a0078.png"/>
<require type="image" src="images/_8srs5a0079.png"/>
<require type="image" src="images/_8srs5a0080.png"/>
<require type="image" src="images/_8srs5a0081.png"/>
<require type="image" src="images/_8srs5a0082.png"/>
<require type="image" src="images/_8srs5a0083.png"/>
<require type="image" src="images/_8srs5a0084.png"/>
<require type="image" src="images/_8srs5a0085.png"/>
<require type="image" src="images/_8srs5a0086.png"/>
<require type="image" src="images/_8srs5a0087.png"/>
<require type="image" src="images/_8srs5a0088.png"/>
<require type="image" src="images/_8srs5a0089.png"/>
<require type="image" src="images/_8srs5a0090.png"/>
<require type="image" src="images/_8srs5a0091.png"/>
<require type="image" src="images/_8srs5a0092.png"/>
<require type="image" src="images/_8srs5a0093.png"/>
<require type="image" src="images/_8srs5a0094.png"/>
<require type="image" src="images/_8srs5a0095.png"/>
<require type="image" src="images/_8srs5a0096.png"/>
<require type="image" src="images/_8srs5a0097.png"/>
<require type="image" src="images/_8srs5a0098.png"/>
<require type="image" src="images/_8srs5a0099.png"/>
<require type="image" src="images/_8srs5a0100.png"/>
<require type="image" src="images/_8srs5a0101.png"/>
<require type="image" src="images/_8srs5a0102.png"/>
<require type="image" src="images/_8srs5a0103.png"/>
<require type="image" src="images/_8srs5a0104.png"/>
<require type="image" src="images/_8srs5a0105.png"/>
<require type="image" src="images/_8srs5a0106.png"/>
<require type="image" src="images/_8srs5a0107.png"/>
<require type="image" src="images/_8srs5a0108.png"/>
<require type="image" src="images/_8srs5a0109.png"/>
<require type="image" src="images/_8srs5a0110.png"/>
<require type="image" src="images/_8srs5a0111.png"/>
<require type="image" src="images/_8srs5a0112.png"/>
<require type="other" src="images/_preloader.gif"/>
<require type="folder" src="libs"/>
<require type="folder" src="images"/>
<content></content>

<properties name="Properties">
<property name="default-width" defaultValue="944" hidden="true"/>
<property name="default-height" defaultValue="640" hidden="true"/>
<property name="resizable" defaultValue="true" hidden="true"/>
<property name="centering" defaultValue="both" hidden="true"/>
<property name="scaling" defaultValue="both" hidden="true"/>
<property name="html-page" defaultValue="index.html" hidden="true"/>
<property name="target-platform" defaultValue="htmlcanvas" hidden="true"/>
<property name="created-in" defaultValue="Adobe Animate CC" hidden="true"/>
</properties>

</widget>
