<?xml version="1.0" encoding="utf-8" ?>
<widget xmlns="http://openajax.org/metadata" spec="1.0" name="index" version="1">

<description type="text/html"><![CDATA[Widget Exported from Flash Professional]]></description>

<category name="Flash Animation"/>
<remarks>Compatible with: InDesign CC, Dreamweaver CC, Muse</remarks>
<icon src="PosterImg_995.png" width="944" height="640"/>
<require type="other" src="index.html"/>
<require type="javascript" src="libs/createjs-2015.11.26.min.js"/>
<require type="image" src="images/IGR_Advancediagram.jpg"/>
<require type="image" src="images/Mesh.png"/>
<require type="image" src="images/Mesh_1.png"/>
<require type="image" src="images/Path.png"/>
<require type="image" src="images/Path_1.png"/>
<require type="image" src="images/seq60001pngcopy.png"/>
<require type="image" src="images/seq60002.png"/>
<require type="image" src="images/seq60003.png"/>
<require type="image" src="images/seq60004.png"/>
<require type="image" src="images/seq60005.png"/>
<require type="image" src="images/seq60006.png"/>
<require type="image" src="images/seq60007.png"/>
<require type="image" src="images/seq60008.png"/>
<require type="image" src="images/seq60009.png"/>
<require type="image" src="images/seq60010.png"/>
<require type="image" src="images/seq60011.png"/>
<require type="image" src="images/seq60012.png"/>
<require type="image" src="images/seq60013.png"/>
<require type="image" src="images/seq60014.png"/>
<require type="image" src="images/seq60015.png"/>
<require type="image" src="images/seq60016.png"/>
<require type="image" src="images/seq60017.png"/>
<require type="image" src="images/seq60018.png"/>
<require type="image" src="images/seq60019.png"/>
<require type="image" src="images/seq60020.png"/>
<require type="image" src="images/seq60021.png"/>
<require type="image" src="images/seq60022.png"/>
<require type="image" src="images/seq60023.png"/>
<require type="image" src="images/seq60024.png"/>
<require type="image" src="images/seq60025.png"/>
<require type="image" src="images/seq60026.png"/>
<require type="image" src="images/seq60027.png"/>
<require type="image" src="images/seq60028.png"/>
<require type="image" src="images/seq60029.png"/>
<require type="image" src="images/seq60030.png"/>
<require type="image" src="images/seq60031.png"/>
<require type="image" src="images/seq60032.png"/>
<require type="image" src="images/seq60033.png"/>
<require type="image" src="images/seq60034.png"/>
<require type="image" src="images/seq60035.png"/>
<require type="image" src="images/seq60036.png"/>
<require type="image" src="images/seq60037.png"/>
<require type="image" src="images/seq60038.png"/>
<require type="image" src="images/seq60039.png"/>
<require type="image" src="images/seq60040.png"/>
<require type="image" src="images/seq60041.png"/>
<require type="image" src="images/seq60042.png"/>
<require type="image" src="images/seq60043.png"/>
<require type="image" src="images/seq60044.png"/>
<require type="image" src="images/seq60045.png"/>
<require type="image" src="images/seq60046.png"/>
<require type="image" src="images/seq60047.png"/>
<require type="image" src="images/seq60048.png"/>
<require type="image" src="images/seq60049.png"/>
<require type="image" src="images/seq60050.png"/>
<require type="image" src="images/seq60051.png"/>
<require type="image" src="images/seq60052.png"/>
<require type="image" src="images/seq60053.png"/>
<require type="image" src="images/seq60054.png"/>
<require type="image" src="images/seq60055.png"/>
<require type="image" src="images/seq60056.png"/>
<require type="image" src="images/seq60057.png"/>
<require type="image" src="images/seq60058.png"/>
<require type="image" src="images/seq60059.png"/>
<require type="image" src="images/seq60060.png"/>
<require type="image" src="images/seq60061.png"/>
<require type="image" src="images/seq60062.png"/>
<require type="image" src="images/seq60063.png"/>
<require type="image" src="images/seq60064.png"/>
<require type="image" src="images/seq60065.png"/>
<require type="image" src="images/seq60066.png"/>
<require type="image" src="images/seq60067.png"/>
<require type="image" src="images/seq60068.png"/>
<require type="image" src="images/seq60069.png"/>
<require type="image" src="images/seq60070.png"/>
<require type="image" src="images/seq60071.png"/>
<require type="image" src="images/seq60072.png"/>
<require type="image" src="images/seq60073.png"/>
<require type="image" src="images/seq60074.png"/>
<require type="image" src="images/seq60075.png"/>
<require type="image" src="images/seq60076.png"/>
<require type="image" src="images/seq60077.png"/>
<require type="image" src="images/seq60078.png"/>
<require type="image" src="images/seq60079.png"/>
<require type="image" src="images/seq60080.png"/>
<require type="image" src="images/seq60081.png"/>
<require type="image" src="images/seq60082.png"/>
<require type="image" src="images/seq60083.png"/>
<require type="image" src="images/seq60084.png"/>
<require type="image" src="images/seq60085.png"/>
<require type="image" src="images/seq60086.png"/>
<require type="image" src="images/seq60087.png"/>
<require type="image" src="images/seq60088.png"/>
<require type="image" src="images/seq60089.png"/>
<require type="image" src="images/seq60090.png"/>
<require type="image" src="images/seq60091.png"/>
<require type="image" src="images/seq60092.png"/>
<require type="image" src="images/seq60093.png"/>
<require type="image" src="images/seq60094.png"/>
<require type="image" src="images/seq60095.png"/>
<require type="image" src="images/seq60096.png"/>
<require type="image" src="images/seq60097.png"/>
<require type="image" src="images/seq60098.png"/>
<require type="image" src="images/seq60099.png"/>
<require type="image" src="images/seq60100.png"/>
<require type="image" src="images/seq60101.png"/>
<require type="image" src="images/seq60102.png"/>
<require type="image" src="images/seq60103.png"/>
<require type="image" src="images/seq60104.png"/>
<require type="image" src="images/seq60105.png"/>
<require type="image" src="images/seq60106.png"/>
<require type="image" src="images/seq60107.png"/>
<require type="image" src="images/seq60108.png"/>
<require type="image" src="images/seq60109.png"/>
<require type="image" src="images/seq60110.png"/>
<require type="image" src="images/seq60111.png"/>
<require type="image" src="images/seq60112.png"/>
<require type="other" src="images/_preloader.gif"/>
<require type="folder" src="libs"/>
<require type="folder" src="images"/>
<content></content>

<properties name="Properties">
<property name="default-width" defaultValue="944" hidden="true"/>
<property name="default-height" defaultValue="640" hidden="true"/>
<property name="resizable" defaultValue="true" hidden="true"/>
<property name="centering" defaultValue="both" hidden="true"/>
<property name="scaling" defaultValue="both" hidden="true"/>
<property name="html-page" defaultValue="index.html" hidden="true"/>
<property name="target-platform" defaultValue="htmlcanvas" hidden="true"/>
<property name="created-in" defaultValue="Adobe Animate CC" hidden="true"/>
</properties>

</widget>
