<?xml version="1.0" encoding="utf-8" ?>
<widget xmlns="http://openajax.org/metadata" spec="1.0" name="index" version="1">

<description type="text/html"><![CDATA[Widget Exported from Flash Professional]]></description>

<category name="Flash Animation"/>
<remarks>Compatible with: InDesign CC, Dreamweaver CC, Muse</remarks>
<icon src="PosterImg_694.png" width="944" height="640"/>
<require type="other" src="index.html"/>
<require type="javascript" src="libs/createjs-2015.11.26.min.js"/>
<require type="image" src="images/IGR_Advancediagram.jpg"/>
<require type="image" src="images/Mesh.png"/>
<require type="image" src="images/Mesh_1.png"/>
<require type="image" src="images/Path.png"/>
<require type="image" src="images/Path_1.png"/>
<require type="image" src="images/_8srs4a0001.png"/>
<require type="image" src="images/_8srs4a0002.png"/>
<require type="image" src="images/_8srs4a0003.png"/>
<require type="image" src="images/_8srs4a0004.png"/>
<require type="image" src="images/_8srs4a0005.png"/>
<require type="image" src="images/_8srs4a0006.png"/>
<require type="image" src="images/_8srs4a0007.png"/>
<require type="image" src="images/_8srs4a0008.png"/>
<require type="image" src="images/_8srs4a0009.png"/>
<require type="image" src="images/_8srs4a0010.png"/>
<require type="image" src="images/_8srs4a0011.png"/>
<require type="image" src="images/_8srs4a0012.png"/>
<require type="image" src="images/_8srs4a0013.png"/>
<require type="image" src="images/_8srs4a0014.png"/>
<require type="image" src="images/_8srs4a0015.png"/>
<require type="image" src="images/_8srs4a0016.png"/>
<require type="image" src="images/_8srs4a0017.png"/>
<require type="image" src="images/_8srs4a0018.png"/>
<require type="image" src="images/_8srs4a0019.png"/>
<require type="image" src="images/_8srs4a0020.png"/>
<require type="image" src="images/_8srs4a0021.png"/>
<require type="image" src="images/_8srs4a0022.png"/>
<require type="image" src="images/_8srs4a0023.png"/>
<require type="image" src="images/_8srs4a0024.png"/>
<require type="image" src="images/_8srs4a0025.png"/>
<require type="image" src="images/_8srs4a0026.png"/>
<require type="image" src="images/_8srs4a0027.png"/>
<require type="image" src="images/_8srs4a0028.png"/>
<require type="image" src="images/_8srs4a0029.png"/>
<require type="image" src="images/_8srs4a0030.png"/>
<require type="image" src="images/_8srs4a0031.png"/>
<require type="image" src="images/_8srs4a0032.png"/>
<require type="image" src="images/_8srs4a0033.png"/>
<require type="image" src="images/_8srs4a0034.png"/>
<require type="image" src="images/_8srs4a0035.png"/>
<require type="image" src="images/_8srs4a0036.png"/>
<require type="image" src="images/_8srs4a0037.png"/>
<require type="image" src="images/_8srs4a0038.png"/>
<require type="image" src="images/_8srs4a0039.png"/>
<require type="image" src="images/_8srs4a0040.png"/>
<require type="image" src="images/_8srs4a0041.png"/>
<require type="image" src="images/_8srs4a0042.png"/>
<require type="image" src="images/_8srs4a0043.png"/>
<require type="image" src="images/_8srs4a0044.png"/>
<require type="image" src="images/_8srs4a0045.png"/>
<require type="image" src="images/_8srs4a0046.png"/>
<require type="image" src="images/_8srs4a0047.png"/>
<require type="image" src="images/_8srs4a0048.png"/>
<require type="image" src="images/_8srs4a0049.png"/>
<require type="image" src="images/_8srs4a0050.png"/>
<require type="image" src="images/_8srs4a0051.png"/>
<require type="image" src="images/_8srs4a0052.png"/>
<require type="image" src="images/_8srs4a0053.png"/>
<require type="image" src="images/_8srs4a0054.png"/>
<require type="image" src="images/_8srs4a0055.png"/>
<require type="image" src="images/_8srs4a0056.png"/>
<require type="image" src="images/_8srs4a0057.png"/>
<require type="image" src="images/_8srs4a0058.png"/>
<require type="image" src="images/_8srs4a0059.png"/>
<require type="image" src="images/_8srs4a0060.png"/>
<require type="image" src="images/_8srs4a0061.png"/>
<require type="image" src="images/_8srs4a0062.png"/>
<require type="image" src="images/_8srs4a0063.png"/>
<require type="image" src="images/_8srs4a0064.png"/>
<require type="image" src="images/_8srs4a0065.png"/>
<require type="image" src="images/_8srs4a0066.png"/>
<require type="image" src="images/_8srs4a0067.png"/>
<require type="image" src="images/_8srs4a0068.png"/>
<require type="image" src="images/_8srs4a0069.png"/>
<require type="image" src="images/_8srs4a0070.png"/>
<require type="image" src="images/_8srs4a0071.png"/>
<require type="image" src="images/_8srs4a0072.png"/>
<require type="image" src="images/_8srs4a0073.png"/>
<require type="image" src="images/_8srs4a0074.png"/>
<require type="image" src="images/_8srs4a0075.png"/>
<require type="image" src="images/_8srs4a0076.png"/>
<require type="image" src="images/_8srs4a0077.png"/>
<require type="image" src="images/_8srs4a0078.png"/>
<require type="image" src="images/_8srs4a0079.png"/>
<require type="image" src="images/_8srs4a0080.png"/>
<require type="image" src="images/_8srs4a0081.png"/>
<require type="image" src="images/_8srs4a0082.png"/>
<require type="image" src="images/_8srs4a0083.png"/>
<require type="image" src="images/_8srs4a0084.png"/>
<require type="image" src="images/_8srs4a0085.png"/>
<require type="image" src="images/_8srs4a0086.png"/>
<require type="image" src="images/_8srs4a0087.png"/>
<require type="image" src="images/_8srs4a0088.png"/>
<require type="image" src="images/_8srs4a0089.png"/>
<require type="image" src="images/_8srs4a0090.png"/>
<require type="image" src="images/_8srs4a0091.png"/>
<require type="image" src="images/_8srs4a0092.png"/>
<require type="image" src="images/_8srs4a0093.png"/>
<require type="image" src="images/_8srs4a0094.png"/>
<require type="image" src="images/_8srs4a0095.png"/>
<require type="image" src="images/_8srs4a0096.png"/>
<require type="image" src="images/_8srs4a0097.png"/>
<require type="image" src="images/_8srs4a0098.png"/>
<require type="image" src="images/_8srs4a0099.png"/>
<require type="image" src="images/_8srs4a0100.png"/>
<require type="image" src="images/_8srs4a0101.png"/>
<require type="image" src="images/_8srs4a0102.png"/>
<require type="image" src="images/_8srs4a0103.png"/>
<require type="image" src="images/_8srs4a0104.png"/>
<require type="image" src="images/_8srs4a0105.png"/>
<require type="image" src="images/_8srs4a0106.png"/>
<require type="image" src="images/_8srs4a0107.png"/>
<require type="image" src="images/_8srs4a0108.png"/>
<require type="image" src="images/_8srs4a0109.png"/>
<require type="image" src="images/_8srs4a0110.png"/>
<require type="image" src="images/_8srs4a0111.png"/>
<require type="image" src="images/_8srs4a0112.png"/>
<require type="image" src="images/_8srs4a0113.png"/>
<require type="other" src="images/_preloader.gif"/>
<require type="folder" src="libs"/>
<require type="folder" src="images"/>
<content></content>

<properties name="Properties">
<property name="default-width" defaultValue="944" hidden="true"/>
<property name="default-height" defaultValue="640" hidden="true"/>
<property name="resizable" defaultValue="true" hidden="true"/>
<property name="centering" defaultValue="both" hidden="true"/>
<property name="scaling" defaultValue="both" hidden="true"/>
<property name="html-page" defaultValue="index.html" hidden="true"/>
<property name="target-platform" defaultValue="htmlcanvas" hidden="true"/>
<property name="created-in" defaultValue="Adobe Animate CC" hidden="true"/>
</properties>

</widget>
